admissibility,admissibility_coefficient,bound_gap,elapsed_seconds,gpu_peak_memory_mb,inadmissible_mass,local_risk,loss,mixture_ce,mmd_u,neural_seconds,prediction_bound,step,structure_candidates,structure_score,structure_seconds,structure_total_seconds,warmup,weighted_admissibility,weighted_mmd,weighted_predictive
1.487687110900879,0.0,17.77272605895996,0.5467434890015284,3442.79443359375,0.7235517501831055,1.9438128471374512,1.944294810295105,1.9428638219833374,0.0,0.5467099490015244,19.71558952331543,0,,,,,True,0.0,0.0,1.9438128471374512
1.5511844158172607,0.0,18.525651931762695,0.752141324999684,3725.255859375,0.742287814617157,1.932888388633728,1.9392921924591064,1.9375466108322144,0.0,0.2050827589991968,20.463197708129883,1,,,,,True,0.0,0.0,1.932888388633728
1.361490249633789,0.0,16.265079498291016,0.9541938300026231,3725.255859375,0.7094129323959351,1.9333409070968628,1.932809829711914,1.9325013160705566,0.0,0.20166571799927624,18.197580337524414,2,,,,,True,0.0,0.0,1.9333409070968628
1.443526268005371,0.0,17.238426208496094,1.1614986519998638,3725.255859375,0.7118438482284546,1.9233098030090332,1.930307149887085,1.9291191101074219,0.0,0.20685053899796912,19.167545318603516,3,,,,,True,0.0,0.0,1.9233098030090332
1.5957374572753906,0.0,19.062273025512695,1.366177105002862,3725.255859375,0.7329204082489014,1.919785499572754,1.9190032482147217,1.9200505018234253,0.0,0.2042782429998624,20.982322692871094,4,,,,,True,0.0,0.0,1.919785499572754
1.522462248802185,0.0,18.188749313354492,1.5713607460020285,3725.255859375,0.7299491763114929,1.9144748449325562,1.913801908493042,1.9129246473312378,0.0,0.204814056000032,20.101673126220703,5,,,,,True,0.0,0.0,1.9144748449325562
1.5334506034851074,0.0,18.310955047607422,1.7745067770010792,3725.255859375,0.7531919479370117,1.9056851863861084,1.9141128063201904,1.913194179534912,0.0,0.20275529100035783,20.224149703979492,6,,,,,True,0.0,0.0,1.9056851863861084
1.6157093048095703,0.0,19.29881477355957,1.976203993002855,3725.255859375,0.7674132585525513,1.8977470397949219,1.9010003805160522,1.9000505208969116,0.0,0.2013159429989173,21.19886589050293,7,,,,,True,0.0,0.0,1.8977470397949219
1.676180362701416,0.0,20.01820182800293,2.183384994001244,3725.255859375,0.7701202630996704,1.8957722187042236,1.9018977880477905,1.9010710716247559,0.0,0.20679149400166352,21.919273376464844,8,,,,,True,0.0,0.0,1.8957722187042236
1.742807388305664,0.0,20.816898345947266,2.385628591000568,3725.255859375,0.7769192457199097,1.896868109703064,1.8974785804748535,1.8993921279907227,0.0,0.2018462609994458,22.716289520263672,9,,,,,True,0.0,0.0,1.896868109703064
1.7245738506317139,0.0,20.59504508972168,2.5861397510016104,3725.255859375,0.7878305315971375,1.8779147863388062,1.8844388723373413,1.8844730854034424,0.0,0.20014875999913784,22.47951889038086,10,,,,,True,0.0,0.0,1.8779147863388062
1.593937635421753,0.0,19.040706634521484,2.7915012350022153,3725.255859375,0.7495125532150269,1.8909738063812256,1.892439365386963,1.8913047313690186,0.0,0.20498219799992512,20.932010650634766,11,,,,,True,0.0,0.0,1.8909738063812256
1.7437107563018799,0.0,20.826623916625977,2.9963175030025013,3725.255859375,0.7870843410491943,1.8783000707626343,1.882889986038208,1.8818879127502441,0.0,0.2043779560008261,22.708511352539062,12,,,,,True,0.0,0.0,1.8783000707626343
1.49809730052948,0.0,17.89175033569336,3.1978107409995573,3725.255859375,0.7421604990959167,1.8645439147949219,1.8707654476165771,1.8689284324645996,0.0,0.20109714299906045,19.760679244995117,13,,,,,True,0.0,0.0,1.8645439147949219
1.6424239873886108,0.0,19.615863800048828,3.3998154120017716,3725.255859375,0.7705284357070923,1.870516300201416,1.8753087520599365,1.874902606010437,0.0,0.20162775499920826,21.490766525268555,14,,,,,True,0.0,0.0,1.870516300201416
1.7083104848861694,0.0,20.401243209838867,3.6048831830012205,3725.255859375,0.7814804315567017,1.8616746664047241,1.868819236755371,1.867756724357605,0.0,0.20470725300037884,22.268999099731445,15,,,,,True,0.0,0.0,1.8616746664047241
1.8252079486846924,0.0,21.797645568847656,3.808593098001438,3725.255859375,0.8096427321434021,1.852211356163025,1.8577852249145508,1.858335256576538,0.0,0.20330688200192526,23.655981063842773,16,,,,,True,0.0,0.0,1.852211356163025
1.763260841369629,0.0,21.05629539489746,4.01418256100078,3725.255859375,0.7941931486129761,1.8409087657928467,1.8498797416687012,1.8483703136444092,0.0,0.20522096999775385,22.904664993286133,17,,,,,True,0.0,0.0,1.8409087657928467
1.7737653255462646,0.0,21.177410125732422,4.218358999001794,3725.255859375,0.8047248721122742,1.8329956531524658,1.8454645872116089,1.84482741355896,0.0,0.20389584400254535,23.02223777770996,18,,,,,True,0.0,0.0,1.8329956531524658
1.8172214031219482,0.0,21.701765060424805,4.420621042001585,3725.255859375,0.8068095445632935,1.823411464691162,1.8289902210235596,1.8300107717514038,0.0,0.20187076300135232,23.531776428222656,19,,,,,True,0.0,0.0,1.823411464691162
1.8396685123443604,0.0,21.96837043762207,4.626446296002541,3725.255859375,0.8236069679260254,1.8322887420654297,1.8414758443832397,1.8404324054718018,0.0,0.20546582399765612,23.80880355834961,20,,,,,True,0.0,0.0,1.8322887420654297
1.9822620153427124,0.0,23.672351837158203,4.83124178000071,3725.255859375,0.8274569511413574,1.8222931623458862,1.8295634984970093,1.8298648595809937,0.0,0.20442134300174075,25.502216339111328,21,,,,,True,0.0,0.0,1.8222931623458862
1.9549379348754883,0.0,23.3468017578125,5.035661293000885,3725.255859375,0.8256745338439941,1.8153929710388184,1.8224987983703613,1.8221051692962646,0.0,0.20403656700000283,25.168907165527344,22,,,,,True,0.0,0.0,1.8153929710388184
1.9104455709457397,0.0,22.822507858276367,5.242272291001427,3725.255859375,0.817864179611206,1.8150243759155273,1.8146122694015503,1.814528226852417,0.0,0.20622294199711177,24.637035369873047,23,,,,,True,0.0,0.0,1.8150243759155273
1.868412733078003,0.0,22.319501876831055,5.4470649150025565,3725.255859375,0.8231573104858398,1.798701286315918,1.7997058629989624,1.7990888357162476,0.0,0.2044028989985236,24.11859130859375,24,,,,,True,0.0,0.0,1.798701286315918
1.823232650756836,0.0,21.77203941345215,5.652193171001272,3725.255859375,0.8078262805938721,1.798511266708374,1.8063068389892578,1.8066456317901611,0.0,0.20477922600184684,23.578685760498047,25,,,,,True,0.0,0.0,1.798511266708374
1.7710087299346924,0.0,21.151628494262695,5.855379309999989,3725.255859375,0.8089343905448914,1.8026294708251953,1.8062667846679688,1.8073118925094604,0.0,0.2027991920003842,22.958940505981445,26,,,,,True,0.0,0.0,1.8026294708251953
1.820543646812439,0.0,21.742473602294922,6.064410322000185,3725.255859375,0.803077220916748,1.7815722227096558,1.7890710830688477,1.787150263786316,0.0,0.2086020480019215,23.52962303161621,27,,,,,True,0.0,0.0,1.7815722227096558
1.8166793584823608,0.0,21.693544387817383,6.268762833002256,3725.255859375,0.8216708898544312,1.7806819677352905,1.788893699645996,1.7890256643295288,0.0,0.20397841399972094,23.48257064819336,28,,,,,True,0.0,0.0,1.7806819677352905
1.9966020584106445,0.0,23.84247589111328,6.473626786999375,3725.255859375,0.8414466381072998,1.7702831029891968,1.778024673461914,1.779036283493042,0.0,0.20446344000083627,25.621511459350586,29,,,,,True,0.0,0.0,1.7702831029891968
1.8669230937957764,0.0,22.29111099243164,6.676033200001257,3725.255859375,0.818150520324707,1.7624210119247437,1.7725681066513062,1.7734054327011108,0.0,0.20202695899934042,24.064516067504883,30,,,,,True,0.0,0.0,1.7624210119247437
1.932175636291504,0.0,23.069725036621094,6.8806783969994285,3725.255859375,0.8298124074935913,1.7444956302642822,1.756239652633667,1.7563676834106445,0.0,0.20420285699947271,24.826091766357422,31,,,,,True,0.0,0.0,1.7444956302642822
1.9625670909881592,0.0,23.436368942260742,7.08504245900258,3725.255859375,0.834115207195282,1.748228907585144,1.7561324834823608,1.7565104961395264,0.0,0.20401218699771562,25.19287872314453,32,,,,,True,0.0,0.0,1.748228907585144
2.073317766189575,0.0,24.756912231445312,7.290514754000469,3725.255859375,0.8425918817520142,1.7450112104415894,1.7560062408447266,1.7557657957077026,0.0,0.2051058600009128,26.512678146362305,33,,,,,True,0.0,0.0,1.7450112104415894
1.9827011823654175,0.0,23.67680549621582,7.492912923000404,3725.255859375,0.8440626859664917,1.7340364456176758,1.7417138814926147,1.7424027919769287,0.0,0.20201772099972004,25.419208526611328,34,,,,,True,0.0,0.0,1.7340364456176758
1.9075450897216797,0.0,22.777788162231445,7.695252615001664,3725.255859375,0.8286178112030029,1.7100582122802734,1.7193031311035156,1.719632625579834,0.0,0.20193780300178332,24.497421264648438,35,,,,,True,0.0,0.0,1.7100582122802734
1.9995965957641602,0.0,23.880380630493164,7.898100875001546,3725.255859375,0.8415607213973999,1.7210577726364136,1.7292207479476929,1.7276777029037476,0.0,0.20248464600081206,25.60805892944336,36,,,,,True,0.0,0.0,1.7210577726364136
2.0236620903015137,0.0,24.16643524169922,8.100963479999336,3725.255859375,0.8450254201889038,1.712655782699585,1.7206072807312012,1.720707893371582,0.0,0.2025122230006673,25.887142181396484,37,,,,,True,0.0,0.0,1.712655782699585
2.051356554031372,0.0,24.502574920654297,8.313681684001494,3725.255859375,0.8507201075553894,1.7084951400756836,1.711937427520752,1.711242437362671,0.0,0.21234960299989325,26.213817596435547,38,,,,,True,0.0,0.0,1.7084951400756836
2.0531601905822754,0.0,24.52194595336914,8.5190685330017,3725.255859375,0.8498918414115906,1.6965439319610596,1.7016408443450928,1.7014658451080322,0.0,0.20501711800170597,26.223411560058594,39,,,,,True,0.0,0.0,1.6965439319610596
2.0794568061828613,0.0,24.8365478515625,8.72009285400054,3725.255859375,0.8563283681869507,1.6866925954818726,1.691693663597107,1.6911511421203613,0.0,0.20064912000088952,26.527698516845703,40,,,,,True,0.0,0.0,1.6866925954818726
1.944284439086914,0.0,23.218402862548828,8.923161544000322,3725.255859375,0.838424801826477,1.694610834121704,1.7020047903060913,1.7024552822113037,0.0,0.20269412400011788,24.92085838317871,41,,,,,True,0.0,0.0,1.694610834121704
1.9079723358154297,0.0,22.788814544677734,9.131201222000527,3725.255859375,0.828855037689209,1.7080848217010498,1.7115663290023804,1.7117373943328857,0.0,0.20762333300081082,24.500551223754883,42,,,,,True,0.0,0.0,1.7080848217010498
2.179670810699463,0.0,26.036962509155273,9.337671306002449,3725.255859375,0.8664445877075195,1.6711782217025757,1.6735329627990723,1.6723690032958984,0.0,0.20609497999976156,27.709331512451172,43,,,,,True,0.0,0.0,1.6711782217025757
2.0491433143615723,0.0,24.473913192749023,9.543098770001961,3725.255859375,0.8570140600204468,1.669243335723877,1.6744844913482666,1.6742115020751953,0.0,0.20503386100244825,26.14812469482422,44,,,,,True,0.0,0.0,1.669243335723877
2.0579466819763184,0.0,24.57398796081543,9.74786653100091,3725.255859375,0.8530647158622742,1.6805152893066406,1.6903913021087646,1.6905746459960938,0.0,0.20439291000002413,26.264562606811523,45,,,,,True,0.0,0.0,1.6805152893066406
2.063708543777466,0.0,24.644428253173828,9.954546917000698,3725.255859375,0.8535187244415283,1.675769567489624,1.6840288639068604,1.6842188835144043,0.0,0.20625586200185353,26.32864761352539,46,,,,,True,0.0,0.0,1.675769567489624
2.055532932281494,0.0,24.549421310424805,10.158850805000839,3725.255859375,0.8540632128715515,1.658064842224121,1.6633996963500977,1.6638550758361816,0.0,0.2039372729996103,26.213275909423828,47,,,,,True,0.0,0.0,1.658064842224121
1.9708532094955444,0.0,23.5371150970459,10.359286533999693,3725.255859375,0.8337754011154175,1.6202688217163086,1.6275818347930908,1.626791000366211,0.0,0.20004275800238247,25.16390609741211,48,,,,,True,0.0,0.0,1.6202688217163086
1.8465861082077026,0.0,22.052330017089844,10.563405932000023,3725.255859375,0.8196301460266113,1.6357874870300293,1.6428139209747314,1.64260995388031,0.0,0.20373240299886675,23.6949405670166,49,,,,,True,0.0,0.0,1.6357874870300293
1.816834807395935,0.0,21.7001895904541,10.770426716000657,3725.255859375,0.8190096616744995,1.6547502279281616,1.6587932109832764,1.6583083868026733,0.0,0.20663403800062952,23.358497619628906,50,,,,,True,0.0,0.0,1.6547502279281616
2.0065107345581055,0.0,23.96593475341797,10.976098205999733,3725.255859375,0.8364746570587158,1.6484755277633667,1.6524633169174194,1.6521377563476562,0.0,0.20527805300298496,25.618072509765625,51,,,,,True,0.0,0.0,1.6484755277633667
1.9191545248031616,0.0,22.92691993713379,11.183521967999695,3725.255859375,0.8378473520278931,1.6430883407592773,1.6432671546936035,1.6422176361083984,0.0,0.2069920309986628,24.569137573242188,52,,,,,True,0.0,0.0,1.6430883407592773
2.17158579826355,0.0,25.935230255126953,11.388542586002586,3725.255859375,0.8574158549308777,1.6055549383163452,1.6116946935653687,1.611894965171814,0.0,0.20461716299905675,27.5471248626709,53,,,,,True,0.0,0.0,1.6055549383163452
1.9703996181488037,0.0,23.531539916992188,11.596155909999652,3725.255859375,0.8394954204559326,1.607762098312378,1.6145026683807373,1.614438772201538,0.0,0.20723844899839605,25.145978927612305,54,,,,,True,0.0,0.0,1.607762098312378
2.003058910369873,0.0,23.924482345581055,11.803510419002123,3725.255859375,0.8404679298400879,1.5978827476501465,1.6020150184631348,1.6017630100250244,0.0,0.20696788299756008,25.5262451171875,55,,,,,True,0.0,0.0,1.5978827476501465
1.9705848693847656,0.0,23.537633895874023,12.010006960001192,3725.255859375,0.8437472581863403,1.6033233404159546,1.606550931930542,1.60611891746521,0.0,0.20611706300041988,25.143753051757812,56,,,,,True,0.0,0.0,1.6033233404159546
1.9739049673080444,0.0,23.57767677307129,12.221008791999338,3725.255859375,0.8352994322776794,1.629960536956787,1.632407546043396,1.6323765516281128,0.0,0.21060256800046773,25.210052490234375,57,,,,,True,0.0,0.0,1.629960536956787
2.0949606895446777,0.0,25.023000717163086,12.423818320999999,3725.255859375,0.8565791845321655,1.5638350248336792,1.5671119689941406,1.567047357559204,0.0,0.20242268799847807,26.59004783630371,58,,,,,True,0.0,0.0,1.5638350248336792
1.9968345165252686,0.0,23.85138511657715,12.62832761699974,3725.255859375,0.8491185903549194,1.5957362651824951,1.5982542037963867,1.5983566045761108,0.0,0.2041529050002282,25.44974136352539,59,,,,,True,0.0,0.0,1.5957362651824951
2.05428409576416,0.0,24.540124893188477,12.83518123000249,3725.255859375,0.8477992415428162,1.5902726650238037,1.590919017791748,1.590442180633545,0.0,0.20650132599985227,26.13056755065918,60,,,,,True,0.0,0.0,1.5902726650238037
2.1230568885803223,0.0,25.35930633544922,13.038159430001542,3725.255859375,0.8580304980278015,1.575620412826538,1.577840805053711,1.5781614780426025,0.0,0.20260025400057202,26.937467575073242,61,,,,,True,0.0,0.0,1.575620412826538
1.9346485137939453,0.0,23.107973098754883,13.243273665000743,3725.255859375,0.8385673761367798,1.5804357528686523,1.5832293033599854,1.583601713180542,0.0,0.20470147499872837,24.691574096679688,62,,,,,True,0.0,0.0,1.5804357528686523
1.9503934383392334,0.0,23.298614501953125,13.445816097002535,3725.255859375,0.8375365138053894,1.5884101390838623,1.5894745588302612,1.5890207290649414,0.0,0.20218886699876748,24.88763427734375,63,,,,,True,0.0,0.0,1.5884101390838623
1.8178043365478516,0.0,21.712970733642578,13.650120559999777,3725.255859375,0.8196989297866821,1.5586260557174683,1.5616624355316162,1.5609831809997559,0.0,0.20393665000301553,23.273954391479492,64,,,,,True,0.0,0.0,1.5586260557174683
2.006404161453247,0.0,23.967369079589844,13.855702269000176,3725.255859375,0.8400618433952332,1.5512471199035645,1.5525007247924805,1.552201271057129,0.0,0.20519574100035243,25.51957130432129,65,,,,,True,0.0,0.0,1.5512471199035645
1.8865779638290405,0.0,22.538002014160156,14.058412996000698,3725.255859375,0.8205325603485107,1.6069481372833252,1.6060899496078491,1.6058391332626343,0.0,0.20231169100225088,24.143840789794922,66,,,,,True,0.0,0.0,1.6069481372833252
1.8583598136901855,0.0,22.198522567749023,14.260745965999376,3725.255859375,0.8162361979484558,1.586663007736206,1.5882396697998047,1.587939739227295,0.0,0.20196437100094045,23.786462783813477,67,,,,,True,0.0,0.0,1.586663007736206
1.9880660772323608,0.0,23.74747085571289,14.462820800999907,3725.255859375,0.8383281230926514,1.5890617370605469,1.5903539657592773,1.590850830078125,0.0,0.2016967100025795,25.338321685791016,68,,,,,True,0.0,0.0,1.5890617370605469
1.95880126953125,0.0,23.396663665771484,14.66563680300169,3725.255859375,0.8376047611236572,1.5532617568969727,1.5564286708831787,1.556262731552124,0.0,0.20237889099735185,24.952926635742188,69,,,,,True,0.0,0.0,1.5532617568969727
1.9657515287399292,0.0,23.48113250732422,14.867758583000978,3725.255859375,0.835223376750946,1.5670859813690186,1.5688755512237549,1.5686440467834473,0.0,0.2016842010016262,25.049776077270508,70,,,,,True,0.0,0.0,1.5670859813690186
1.9314353466033936,0.0,23.073280334472656,15.069692175002274,3725.255859375,0.83101487159729,1.5670382976531982,1.5668600797653198,1.566511631011963,0.0,0.20152434699775768,24.63979148864746,71,,,,,True,0.0,0.0,1.5670382976531982
1.9927916526794434,0.0,23.80335807800293,15.272559714001545,3725.255859375,0.8417985439300537,1.555276870727539,1.5579651594161987,1.5576293468475342,0.0,0.20247157599806087,25.360986709594727,72,,,,,True,0.0,0.0,1.555276870727539
2.0466601848602295,0.0,24.449731826782227,15.47658151500218,3725.255859375,0.8436810970306396,1.5830848217010498,1.5826820135116577,1.582571268081665,0.0,0.20363651199659216,26.032302856445312,73,,,,,True,0.0,0.0,1.5830848217010498
1.9918670654296875,0.0,23.794384002685547,15.681646413002454,3725.255859375,0.8376027941703796,1.5688724517822266,1.5695090293884277,1.5691537857055664,0.0,0.20466945299995132,25.36353874206543,74,,,,,True,0.0,0.0,1.5688724517822266
1.9939181804656982,0.0,23.81662368774414,15.891119684001751,3725.255859375,0.8396851420402527,1.515017032623291,1.5174956321716309,1.5175607204437256,0.0,0.2091067910005222,25.334184646606445,75,,,,,True,0.0,0.0,1.515017032623291
1.878727674484253,0.0,22.44180679321289,16.095962081002654,3725.255859375,0.817503809928894,1.5362133979797363,1.537848711013794,1.5375192165374756,0.0,0.20441775400104234,23.979326248168945,76,,,,,True,0.0,0.0,1.5362133979797363
1.8813343048095703,0.0,22.47201919555664,16.30444772100236,3725.255859375,0.8266767263412476,1.530347228050232,1.5326364040374756,1.5325801372528076,0.0,0.20810352199987392,24.00459861755371,77,,,,,True,0.0,0.0,1.530347228050232
1.8665058612823486,0.0,22.296186447143555,16.510936439000943,3725.255859375,0.8265279531478882,1.5415905714035034,1.5427168607711792,1.5425145626068115,0.0,0.20599845800097683,23.838701248168945,78,,,,,True,0.0,0.0,1.5415905714035034
2.020540714263916,0.0,24.135740280151367,16.71733951400165,3725.255859375,0.8491103649139404,1.533276915550232,1.5344998836517334,1.5347355604171753,0.0,0.20597656999962055,25.670475006103516,79,,,,,True,0.0,0.0,1.533276915550232
2.041424512863159,0.0,24.386503219604492,16.920525004999945,3725.255859375,0.8494428396224976,1.4910486936569214,1.4911577701568604,1.4912211894989014,0.0,0.20275319299980765,25.877723693847656,80,,,,,True,0.0,0.0,1.4910486936569214
1.9831680059432983,0.0,23.691293716430664,17.129663759002142,3725.255859375,0.8450274467468262,1.5677570104599,1.5671977996826172,1.5672118663787842,0.0,0.20868693699958385,25.25850486755371,81,,,,,True,0.0,0.0,1.5677570104599
2.104673385620117,0.0,25.140478134155273,17.3377101570004,3725.255859375,0.851076066493988,1.518038034439087,1.5196937322616577,1.5198005437850952,0.0,0.20764566700017895,26.6602783203125,82,,,,,True,0.0,0.0,1.518038034439087
1.9522117376327515,0.0,23.319820404052734,17.541668442001537,3725.255859375,0.8342227339744568,1.503772497177124,1.5052087306976318,1.504897117614746,0.0,0.20353760500074713,24.824718475341797,83,,,,,True,0.0,0.0,1.503772497177124
2.086484432220459,0.0,24.924570083618164,17.74789738600157,3725.255859375,0.8611302375793457,1.5281503200531006,1.5284318923950195,1.52853524684906,0.0,0.20580989199879696,26.453105926513672,84,,,,,True,0.0,0.0,1.5281503200531006
1.8539958000183105,0.0,22.144960403442383,17.950817258002644,3725.255859375,0.8305961489677429,1.503318190574646,1.5060408115386963,1.5060250759124756,0.0,0.20249851300104638,23.650985717773438,85,,,,,True,0.0,0.0,1.503318190574646
1.9118975400924683,0.0,22.839765548706055,18.15678867099996,3725.255859375,0.8362621068954468,1.5088517665863037,1.5083606243133545,1.5084432363510132,0.0,0.20555262999914703,24.348209381103516,86,,,,,True,0.0,0.0,1.5088517665863037
2.139342784881592,0.0,25.556503295898438,18.3589473380016,3725.255859375,0.8492028117179871,1.496896743774414,1.4966529607772827,1.4967893362045288,0.0,0.2017655100025877,27.053293228149414,87,,,,,True,0.0,0.0,1.496896743774414
1.9922559261322021,0.0,23.799434661865234,18.565350248001778,3725.255859375,0.8353902697563171,1.5045989751815796,1.5045554637908936,1.5044740438461304,0.0,0.205972373001714,25.303909301757812,88,,,,,True,0.0,0.0,1.5045989751815796
2.1658544540405273,0.0,25.871641159057617,18.771059877999505,3725.255859375,0.8519432544708252,1.515433669090271,1.517076015472412,1.5168976783752441,0.0,0.20532899200043175,27.388538360595703,89,,,,,True,0.0,0.0,1.515433669090271
1.9342925548553467,0.0,23.1054630279541,18.975537065001845,3725.255859375,0.8350765109062195,1.5178987979888916,1.5194063186645508,1.5193222761154175,0.0,0.20409134099827497,24.624784469604492,90,,,,,True,0.0,0.0,1.5178987979888916
1.9616960287094116,0.0,23.4309139251709,19.18136956300077,3725.255859375,0.829728364944458,1.5107669830322266,1.5141910314559937,1.5140964984893799,0.0,0.2054136139995535,24.945011138916016,91,,,,,True,0.0,0.0,1.5107669830322266
1.9669936895370483,0.0,23.495758056640625,19.389251603999583,3725.255859375,0.8329795598983765,1.484140157699585,1.4860649108886719,1.4859116077423096,0.0,0.20742928699837648,24.981670379638672,92,,,,,True,0.0,0.0,1.484140157699585
2.1188466548919678,0.0,25.312137603759766,19.60334045000127,3725.255859375,0.8548824191093445,1.4916260242462158,1.4911192655563354,1.4910411834716797,0.0,0.2136725669988664,26.803178787231445,93,,,,,True,0.0,0.0,1.4916260242462158
1.9800761938095093,0.0,23.652816772460938,19.80954141500115,3725.255859375,0.8377280235290527,1.4881800413131714,1.489013671875,1.4891752004623413,0.0,0.20555836299899966,25.141992568969727,94,,,,,True,0.0,0.0,1.4881800413131714
1.9820191860198975,0.0,23.675416946411133,20.01636243500252,3725.255859375,0.8419517278671265,1.4901981353759766,1.4919164180755615,1.491804838180542,0.0,0.20639375199971255,25.167221069335938,95,,,,,True,0.0,0.0,1.4901981353759766
1.904149055480957,0.0,22.744731903076172,20.222985312000674,3725.255859375,0.8359081149101257,1.5004914999008179,1.5026882886886597,1.5025548934936523,0.0,0.2062118069989083,24.247285842895508,96,,,,,True,0.0,0.0,1.5004914999008179
2.049975872039795,0.0,24.48918914794922,20.428862073000346,3725.255859375,0.8478584289550781,1.4957852363586426,1.4953649044036865,1.4954241514205933,0.0,0.20547368500047014,25.9846134185791,97,,,,,True,0.0,0.0,1.4957852363586426
1.975865125656128,0.0,23.60467529296875,20.635131327002455,3725.255859375,0.8403464555740356,1.4773004055023193,1.476116418838501,1.4761337041854858,0.0,0.2058660129987402,25.080808639526367,98,,,,,True,0.0,0.0,1.4773004055023193
2.0241763591766357,0.0,24.1816349029541,20.839607887002785,3725.255859375,0.8397449851036072,1.4974416494369507,1.496333122253418,1.4964364767074585,0.0,0.2040787049991195,25.678071975708008,99,,,,,True,0.0,0.0,1.4974416494369507
1.349928379058838,11.945910149055313,16.129817962646484,27.57600829600051,4874.76171875,0.6977776288986206,1.5079320669174194,17.640155792236328,1.5042381286621094,0.00609976053237915,0.24297094600115088,17.634056091308594,100,486,1.4960020780563354,0.49916588800260797,2.1149122520000674,False,16.126123428344727,0.00609976053237915,1.5079320669174194
1.0340209007263184,11.945910149055313,12.353927612304688,27.855244906000735,4879.36376953125,0.6067800521850586,1.4812908172607422,13.841801643371582,1.4796842336654663,0.008190453052520752,0.24076202099968214,13.833611488342285,101,,,,,False,12.352320671081543,0.008190453052520752,1.4812908172607422
0.7882322669029236,11.945910149055313,9.41864013671875,28.12616256000183,4880.2900390625,0.4978589415550232,1.5018725395202637,10.967844009399414,1.4993839263916016,0.04982006549835205,0.23855246899984195,10.918024063110352,102,,,,,False,9.416152000427246,0.04982006549835205,1.5018725395202637
0.5743729472160339,11.945910149055313,6.865262508392334,28.403858593999757,4884.76806640625,0.3823099136352539,1.5098657608032227,8.37720012664795,1.5060105323791504,0.005926787853240967,0.2392665620027401,8.371273040771484,103,,,,,False,6.86140775680542,0.005926787853240967,1.5098657608032227
0.34966862201690674,11.945910149055313,4.18125581741333,28.67488761200002,4885.95166015625,0.2578383982181549,1.5363048315048218,5.67830228805542,1.5321592092514038,-0.035112977027893066,0.23993827199956286,5.713415145874023,104,,,,,False,4.177110195159912,-0.035112977027893066,1.5363048315048218
0.3073309063911438,11.945910149055313,3.679089307785034,28.950971540001774,4886.3076171875,0.22551068663597107,1.5243794918060303,5.230085372924805,1.5166375637054443,0.03435838222503662,0.24335250099829864,5.1957268714904785,105,,,,,False,3.6713473796844482,0.03435838222503662,1.5243794918060303
0.19260689616203308,11.945910149055313,2.313236951828003,29.222908562001976,4889.43212890625,0.15747743844985962,1.572981357574463,3.8877792358398438,1.5606091022491455,0.013933241367340088,0.240529823997349,3.8738460540771484,106,,,,,False,2.3008646965026855,0.013933241367340088,1.572981357574463
0.12874144315719604,11.945910149055313,1.5442098379135132,29.494612487000268,4889.43212890625,0.10875526070594788,1.5795334577560425,3.226395606994629,1.573257327079773,0.10892844200134277,0.24079342500044731,3.117467164993286,107,,,,,False,1.5379337072372437,0.10892844200134277,1.5795334577560425
0.09907341003417969,11.945910149055313,1.1958560943603516,29.767975852002564,4889.43212890625,0.08483283221721649,1.631639838218689,2.944654941558838,1.6193058490753174,0.12949293851852417,0.2399613080015115,2.815161943435669,108,,,,,False,1.18352210521698,0.12949293851852417,1.631639838218689
0.06334464997053146,11.945910149055313,0.7668976783752441,30.051262893000967,4890.416015625,0.05354701727628708,1.5971930027008057,2.532289505004883,1.5870048999786377,0.17838680744171143,0.2417709149995062,2.353902578353882,109,,,,,False,0.7567095160484314,0.17838680744171143,1.5971930027008057
0.05138229578733444,11.945910149055313,0.6254638433456421,30.327643133001402,4892.86865234375,0.04206406697630882,1.703348159790039,2.505201816558838,1.6916927099227905,0.18804526329040527,0.24051101099757943,2.3171565532684326,110,,,,,False,0.6138083338737488,0.18804526329040527,1.703348159790039
0.012366283684968948,11.945910149055313,0.1637582778930664,30.602197617001366,4892.86865234375,0.012007659301161766,1.6512367725372314,1.9980525970458984,1.6352050304412842,0.19908934831619263,0.2404527100006817,1.7989633083343506,111,,,,,False,0.14772652089595795,0.19908934831619263,1.6512367725372314
0.017732776701450348,11.945910149055313,0.22770822048187256,30.873849876999884,4892.86865234375,0.015570830553770065,1.6920021772384644,2.139961004257202,1.6761281490325928,0.2361246943473816,0.2397677909975755,1.9038363695144653,112,,,,,False,0.2118341624736786,0.2361246943473816,1.6920021772384644
0.005041459109634161,11.945910149055313,0.07469189167022705,31.151504695000767,4892.86865234375,0.0049519529566168785,1.663217306137085,1.8391966819763184,1.6487501859664917,0.11575466394424438,0.24011093599983724,1.7234420776367188,113,,,,,False,0.06022481992840767,0.11575466394424438,1.663217306137085
0.004301191307604313,11.945910149055313,0.06387162208557129,31.430346493001707,4892.89013671875,0.004198513925075531,1.6864068508148193,1.9366275072097778,1.6739168167114258,0.19883906841278076,0.24660366299940506,1.737788438796997,114,,,,,False,0.05138164758682251,0.19883906841278076,1.6864068508148193
0.01845993846654892,11.945910149055313,0.23539948463439941,31.701265263000096,4892.89013671875,0.013305947184562683,1.7199397087097168,2.021348476409912,1.7050609588623047,0.08088797330856323,0.23966251199817634,1.940460443496704,115,,,,,False,0.2205207645893097,0.08088797330856323,1.7199397087097168
0.010329422540962696,11.945910149055313,0.13398516178131104,31.981004510002094,4892.89013671875,0.00968618132174015,1.6561157703399658,2.2111620903015137,1.6455249786376953,0.4316520392894745,0.24254181300057098,1.7795101404190063,116,,,,,False,0.12339435517787933,0.4316520392894745,1.6561157703399658
0.00880024116486311,11.945910149055313,0.11831068992614746,32.25402487199972,4892.89013671875,0.008636122569441795,1.6754837036132812,1.8749580383300781,1.6622998714447021,0.09434747695922852,0.24239670599854435,1.7806105613708496,117,,,,,False,0.10512689501047134,0.09434747695922852,1.6754837036132812
0.006108981557190418,11.945910149055313,0.08131182193756104,32.53105140000116,4892.89013671875,0.006000326480716467,1.6403539180755615,1.8752511739730835,1.6320194005966187,0.1619199514389038,0.24415720799879637,1.7133312225341797,118,,,,,False,0.07297734916210175,0.1619199514389038,1.6403539180755615
0.014140274375677109,11.945910149055313,0.1813753843307495,32.81167603200083,4892.89013671875,0.011826947331428528,1.648267149925232,1.9318749904632568,1.6358102560043335,0.1146894097328186,0.24288377199991373,1.817185640335083,119,,,,,False,0.1689184457063675,0.1146894097328186,1.648267149925232
0.003602576209232211,11.945910149055313,0.05751311779022217,33.086985938,4893.75732421875,0.0035353749990463257,1.661484718322754,1.822265863418579,1.647007703781128,0.117745041847229,0.24327086600169423,1.70452082157135,120,,,,,False,0.04303605109453201,0.117745041847229,1.661484718322754
0.0016911858692765236,11.945910149055313,0.029679417610168457,33.367773148002016,4893.75732421875,0.0016828564694151282,1.6614711284637451,1.7704375982284546,1.6519944667816162,0.08876371383666992,0.24318277099882835,1.6816738843917847,121,,,,,False,0.0202027540653944,0.08876371383666992,1.6614711284637451
0.002611244097352028,11.945910149055313,0.04422605037689209,33.64010084199981,4893.75732421875,0.0025661129038780928,1.6770656108856201,1.7330994606018066,1.66403329372406,0.024840116500854492,0.24231185800090316,1.7082593441009521,122,,,,,False,0.03119368851184845,0.024840116500854492,1.6770656108856201
0.0006827355246059597,11.945910149055313,0.022231101989746094,33.927641659000074,4893.75732421875,0.0006813419749960303,1.6638386249542236,1.9433774948120117,1.6497634649276733,0.27138298749923706,0.24227981499643647,1.6719945669174194,123,,,,,False,0.00815589725971222,0.27138298749923706,1.6638386249542236
0.0006482300814241171,11.945910149055313,0.027527689933776855,34.20603130800009,4893.75732421875,0.0006463105673901737,1.637466311454773,1.77830970287323,1.6176823377609253,0.13309967517852783,0.240421876002074,1.6452100276947021,124,,,,,False,0.0077436985448002815,0.13309967517852783,1.637466311454773
0.00043377786641940475,11.945910149055313,0.021869301795959473,34.48285566800041,4893.75732421875,0.0004332798416726291,1.6315503120422363,1.6629408597946167,1.6148629188537598,0.02620863914489746,0.24469871600012993,1.6367322206497192,125,,,,,False,0.0051818713545799255,0.02620863914489746,1.6315503120422363
0.02943902276456356,11.945910149055313,0.3679966926574707,34.7515234800012,4893.75732421875,0.01683676242828369,1.6287782192230225,2.0565643310546875,1.612457513809204,0.07611006498336792,0.23915809499885654,1.9804542064666748,126,,,,,False,0.35167592763900757,0.07611006498336792,1.6287782192230225
0.007495344616472721,11.945910149055313,0.11355292797088623,35.02914351800064,4893.75732421875,0.0064048608765006065,1.643324851989746,1.9051657915115356,1.6193106174468994,0.17230224609375,0.24107767299938132,1.7328635454177856,127,,,,,False,0.08953871577978134,0.17230224609375,1.643324851989746
0.002998906886205077,11.945910149055313,0.05359184741973877,35.30548841299969,4893.75732421875,0.0028241153340786695,1.6372110843658447,1.781830072402954,1.6194438934326172,0.10879439115524292,0.24180109599910793,1.673035740852356,128,,,,,False,0.035824671387672424,0.10879439115524292,1.6372110843658447
0.001588499522767961,11.945910149055313,0.03814971446990967,35.583192911999504,4893.75732421875,0.001576994895003736,1.5920543670654297,1.6770660877227783,1.572880744934082,0.06603556871414185,0.24144657800206915,1.6110304594039917,129,,,,,False,0.01897607371211052,0.06603556871414185,1.5920543670654297
0.002126754028722644,11.945910149055313,0.042128801345825195,35.85537536600168,4893.75732421875,0.0020850475411862135,1.6084647178649902,1.694210410118103,1.591741919517517,0.06033968925476074,0.24096558900055243,1.6338707208633423,130,,,,,False,0.025406012311577797,0.06033968925476074,1.6084647178649902
0.020124241709709167,11.945910149055313,0.26484131813049316,36.12987478899959,4894.6982421875,0.0145639106631279,1.5932749509811401,1.8954495191574097,1.568835973739624,0.06177222728729248,0.24209116699785227,1.8336772918701172,131,,,,,False,0.24040238559246063,0.06177222728729248,1.5932749509811401
0.002491393592208624,11.945910149055313,0.04927384853363037,36.41230232300222,4894.6982421875,0.002455232199281454,1.6062238216400146,1.6359031200408936,1.5867118835449219,-8.255243301391602e-05,0.23970891399949323,1.6359857320785522,132,,,,,False,0.029761964455246925,-8.255243301391602e-05,1.6062238216400146
0.0019162371754646301,11.945910149055313,0.04073774814605713,36.69128189100229,4894.6982421875,0.0018910754006356,1.6511385440826416,1.7592566013336182,1.6332919597625732,0.08522689342498779,0.24000071499904152,1.6740297079086304,133,,,,,False,0.022891197353601456,0.08522689342498779,1.6511385440826416
0.0010017907479777932,11.945910149055313,0.03669095039367676,36.971482426000875,4894.90283203125,0.000993538647890091,1.5762089490890503,1.6742279529571533,1.551485300064087,0.08605170249938965,0.24118429900045157,1.5881762504577637,134,,,,,False,0.011967302300035954,0.08605170249938965,1.5762089490890503
0.006342314183712006,11.945910149055313,0.09180712699890137,37.24584195400166,4894.90283203125,0.005668023135513067,1.605008840560913,1.7646336555480957,1.5889663696289062,0.08386015892028809,0.24143165900022723,1.6807734966278076,135,,,,,False,0.0757647156715393,0.08386015892028809,1.605008840560913
0.0026532914489507675,11.945910149055313,0.05315077304840088,37.52408477900099,4894.90283203125,0.002588387578725815,1.591657042503357,1.6554304361343384,1.5702022314071655,0.03207743167877197,0.24212105300102849,1.6233530044555664,136,,,,,False,0.031695980578660965,0.03207743167877197,1.591657042503357
0.0013031231937929988,11.945910149055313,0.032840847969055176,37.7989277960005,4894.90283203125,0.0012891951482743025,1.5740947723388672,1.6463148593902588,1.5568208694458008,0.05665308237075806,0.24224426100045093,1.589661717414856,137,,,,,False,0.015566992573440075,0.05665308237075806,1.5740947723388672
0.0031783063896000385,11.945910149055313,0.05704092979431152,38.069502558999375,4894.90283203125,0.0030706811230629683,1.5956605672836304,1.62568199634552,1.576587438583374,-0.007946372032165527,0.2393256930008647,1.6336283683776855,138,,,,,False,0.03796776384115219,-0.007946372032165527,1.5956605672836304
0.0007650926127098501,11.945910149055313,0.03394770622253418,38.34692954000275,4894.90283203125,0.0007613524794578552,1.6229184865951538,1.7526241540908813,1.598110556602478,0.12056589126586914,0.24499031400046078,1.6320582628250122,139,,,,,False,0.009139727801084518,0.12056589126586914,1.6229184865951538
0.0002958748082164675,11.945910149055313,0.0168076753616333,38.624283268,4894.90283203125,0.00029567009187303483,1.5794799327850342,1.652632474899292,1.566206693649292,0.0696181058883667,0.24221811600000365,1.5830143690109253,140,,,,,False,0.0035344939678907394,0.0696181058883667,1.5794799327850342
0.0014592576771974564,11.945910149055313,0.033414483070373535,38.89796628000113,4896.2197265625,0.001444795518182218,1.5807647705078125,1.6945127248764038,1.5647825002670288,0.09631574153900146,0.24311106000095606,1.5981969833374023,141,,,,,False,0.017432160675525665,0.09631574153900146,1.5807647705078125
0.000695572467520833,11.945910149055313,0.02057969570159912,39.174368236999726,4896.2197265625,0.0006937757134437561,1.5845451354980469,1.7312736511230469,1.5722746849060059,0.13841933012008667,0.24421340099797817,1.592854380607605,142,,,,,False,0.00830924604088068,0.13841933012008667,1.5845451354980469
0.00036368618020787835,11.945910149055313,0.02040386199951172,39.44927792599992,4896.2197265625,0.0003633163869380951,1.5628074407577515,1.5513019561767578,1.546748161315918,-0.01585012674331665,0.24493872299717623,1.5671520233154297,143,,,,,False,0.004344562534242868,-0.01585012674331665,1.5628074407577515
0.0006043519824743271,11.945910149055313,0.022040843963623047,39.72323298700212,4896.2197265625,0.0006023335154168308,1.5491933822631836,1.539090633392334,1.534372091293335,-0.017322301864624023,0.2390678259980632,1.556412935256958,144,,,,,False,0.007219534832984209,-0.017322301864624023,1.5491933822631836
0.002979635028168559,11.945910149055313,0.045751333236694336,40.00195682699996,4896.2197265625,0.0028795688413083553,1.551346778869629,1.6031441688537598,1.5411899089813232,0.016202867031097412,0.2420614350012329,1.5869412422180176,145,,,,,False,0.035594452172517776,0.016202867031097412,1.551346778869629
0.0005064894794486463,11.945910149055313,0.02218472957611084,40.285893278,4896.2197265625,0.0005043856799602509,1.5764143466949463,1.6891584396362305,1.5602800846099854,0.10669362545013428,0.24708111700238078,1.5824648141860962,146,,,,,False,0.006050477735698223,0.10669362545013428,1.5764143466949463
0.0018295720219612122,11.945910149055313,0.031604647636413574,40.56812126800287,4896.2197265625,0.0017898132791742682,1.5805749893188477,1.6360855102539062,1.5708262920379639,0.033654630184173584,0.24474982199899387,1.6024309396743774,147,,,,,False,0.021855903789401054,0.033654630184173584,1.5805749893188477
0.001098759938031435,11.945910149055313,0.020685911178588867,40.856728235001356,4896.2197265625,0.0010821459582075477,1.550628662109375,1.5457146167755127,1.5430684089660645,-0.018039703369140625,0.24352312200062443,1.5637543201446533,148,,,,,False,0.013125687837600708,-0.018039703369140625,1.550628662109375
0.012436144053936005,11.945910149055313,0.15990793704986572,41.134904372000165,4896.2197265625,0.010813990607857704,1.5582774877548218,1.8135305643081665,1.5469306707382202,0.10669195652008057,0.24125810999976238,1.706838607788086,149,,,,,False,0.14856106042861938,0.10669195652008057,1.5582774877548218
0.0007378335576504469,11.945910149055313,0.025762438774108887,41.417327469000156,4896.2197265625,0.0007340262527577579,1.5922950506210327,1.5945181846618652,1.5753467082977295,-0.00659102201461792,0.2445970180015138,1.6011091470718384,150,,,,,False,0.00881409365683794,-0.00659102201461792,1.5922950506210327
0.003109363606199622,11.945910149055313,0.048612356185913086,41.69606706000195,4896.2197265625,0.00302119180560112,1.560715913772583,1.6589305400848389,1.5492477416992188,0.061070382595062256,0.23946287800208665,1.5978600978851318,151,,,,,False,0.03714418038725853,0.061070382595062256,1.560715913772583
0.0011012022150680423,11.945910149055313,0.02558314800262451,41.98118749400237,4896.2197265625,0.001089882105588913,1.5351874828338623,1.5651402473449707,1.522759199142456,0.01679784059524536,0.24271330200281227,1.5483423471450806,152,,,,,False,0.013154863379895687,0.01679784059524536,1.5351874828338623
0.011460881680250168,11.945910149055313,0.14498639106750488,42.25600762199974,4896.2197265625,0.009043019264936447,1.5552291870117188,1.840307354927063,1.5471534729003906,0.14816749095916748,0.2391535130009288,1.6921398639678955,153,,,,,False,0.13691066205501556,0.14816749095916748,1.5552291870117188
0.00041861060890369117,11.945910149055313,0.016964197158813477,42.52929023199977,4896.2197265625,0.0004180893301963806,1.560256838798523,1.5635067224502563,1.5482933521270752,-0.0017508268356323242,0.24085820500113186,1.5652575492858887,154,,,,,False,0.005000684875994921,-0.0017508268356323242,1.560256838798523
0.0016548584681004286,11.945910149055313,0.029713153839111328,42.80363019200013,4896.2197265625,0.0016249133041128516,1.545525312423706,1.5667967796325684,1.5355809926986694,0.0015026330947875977,0.23949364899817738,1.5652941465377808,155,,,,,False,0.019768791273236275,0.0015026330947875977,1.545525312423706
0.0005118801491335034,11.945910149055313,0.01616644859313965,43.076290098000754,4896.2197265625,0.0005102058639749885,1.5497314929962158,1.5464022159576416,1.5396798849105835,-0.009444057941436768,0.24173449199952302,1.5558463335037231,156,,,,,False,0.006114874500781298,-0.009444057941436768,1.5497314929962158
0.0003748889430426061,11.945910149055313,0.010885119438171387,43.349773605001246,4896.2197265625,0.00037461769534274936,1.508571982383728,1.5728858709335327,1.5021651983261108,0.05983555316925049,0.23857484000109253,1.5130503177642822,157,,,,,False,0.004478389862924814,0.05983555316925049,1.508571982383728
0.0010541337542235851,11.945910149055313,0.021761178970336914,43.62639840799966,4896.2197265625,0.001049154787324369,1.558793544769287,1.5963971614837646,1.5496249198913574,0.025011003017425537,0.23938651899879915,1.5713860988616943,158,,,,,False,0.012592587620019913,0.025011003017425537,1.558793544769287
0.006094586104154587,11.945910149055313,0.08282780647277832,43.909854045999964,4896.2197265625,0.005582330282777548,1.554002046585083,1.630253791809082,1.5439796447753906,0.003446340560913086,0.24091567999857944,1.626807451248169,159,,,,,False,0.07280538231134415,0.003446340560913086,1.554002046585083
0.001573010697029531,11.945910149055313,0.027745485305786133,44.18172268300259,4896.2197265625,0.0015600945334881544,1.542955756187439,1.6193122863769531,1.534001350402832,0.05756545066833496,0.2408804440019594,1.5617468357086182,160,,,,,False,0.018791044130921364,0.05756545066833496,1.542955756187439
0.0018124146154150367,11.945910149055313,0.03135979175567627,44.45571263400052,4897.9287109375,0.0017911146860569715,1.5285590887069702,1.6529113054275513,1.5188502073287964,0.10270130634307861,0.24067511899920646,1.5502099990844727,161,,,,,False,0.02165094204246998,0.10270130634307861,1.5285590887069702
0.0011725662043318152,11.945910149055313,0.02595674991607666,44.72840424000242,4897.9287109375,0.0011583331506699324,1.5269707441329956,1.5608785152435303,1.5150213241577148,0.019900500774383545,0.23948079099864117,1.5409780740737915,162,,,,,False,0.014007370918989182,0.019900500774383545,1.5269707441329956
0.0011108326725661755,11.945910149055313,0.018916964530944824,45.000909203001356,4897.9287109375,0.0011055010836571455,1.520491361618042,1.571832537651062,1.514844298362732,0.038071274757385254,0.2396934099997452,1.5337612628936768,163,,,,,False,0.013269907794892788,0.038071274757385254,1.520491361618042
0.0006271730526350439,11.945910149055313,0.019855856895446777,45.27690872400126,4898.12890625,0.0006263951654545963,1.5539188385009766,1.5651487112045288,1.5415551662445068,0.0037376880645751953,0.2396101220001583,1.5614110231399536,164,,,,,False,0.007492152974009514,0.0037376880645751953,1.5539188385009766
0.0004306051414459944,11.945910149055313,0.013820052146911621,45.546596446001786,4898.12890625,0.0004300860164221376,1.499967336654663,1.503542423248291,1.4912912845611572,-0.001568913459777832,0.23962474500149256,1.5051113367080688,165,,,,,False,0.005143970251083374,-0.001568913459777832,1.499967336654663
0.0013354814145714045,11.945910149055313,0.022774219512939453,45.827891515000374,4898.12890625,0.0013291265349835157,1.532915472984314,1.5646374225616455,1.5260947942733765,0.015768349170684814,0.24547857799916528,1.548869013786316,166,,,,,False,0.015953540802001953,0.015768349170684814,1.532915472984314
0.0012871914077550173,11.945910149055313,0.027280807495117188,46.09945697900184,4899.16650390625,0.0012804655125364661,1.5471503734588623,1.6068235635757446,1.5352462530136108,0.0442965030670166,0.23877113300113706,1.562527060508728,167,,,,,False,0.015376673080027103,0.0442965030670166,1.5471503734588623
0.001686499803327024,11.945910149055313,0.02740931510925293,46.36998865200076,4899.16650390625,0.0016670413315296173,1.522229552268982,1.5772311687469482,1.5149669647216797,0.034854888916015625,0.2398659470018174,1.5423762798309326,168,,,,,False,0.020146775990724564,0.034854888916015625,1.522229552268982
0.0017522353446111083,11.945910149055313,0.029300689697265625,46.652321854002366,4899.16650390625,0.0017160463612526655,1.5144309997558594,1.5689566135406494,1.506062388420105,0.03359353542327881,0.241417356999591,1.5353630781173706,169,,,,,False,0.020932046696543694,0.03359353542327881,1.5144309997558594
0.00041656242683529854,11.945910149055313,0.014255046844482422,46.923771302001114,4899.16650390625,0.00041600316762924194,1.5504320859909058,1.56345534324646,1.5411533117294312,0.008046984672546387,0.24216994699963834,1.5554083585739136,170,,,,,False,0.00497621763497591,0.008046984672546387,1.5504320859909058
0.007698560133576393,11.945910149055313,0.10155022144317627,47.197737558999506,4899.16650390625,0.0067053488455712795,1.5050408840179443,1.6131224632263184,1.4954569339752197,0.01611536741256714,0.2397734730002412,1.597007155418396,171,,,,,False,0.09196630865335464,0.01611536741256714,1.5050408840179443
0.000925872940570116,11.945910149055313,0.023365020751953125,47.46785329699924,4899.16650390625,0.000921301543712616,1.5090148448944092,1.5112621784210205,1.496710181236267,-0.008813083171844482,0.2392308710004727,1.5200752019882202,172,,,,,False,0.011060395278036594,-0.008813083171844482,1.5090148448944092
0.0004298596177250147,11.945910149055313,0.01366579532623291,47.740215502002684,4899.16650390625,0.0004293906386010349,1.516705870628357,1.5418511629104614,1.5081751346588135,0.02001023292541504,0.2405446699995082,1.5218409299850464,173,,,,,False,0.0051350644789636135,0.02001023292541504,1.516705870628357
0.0012099191080778837,11.945910149055313,0.020778536796569824,48.01529272300104,4899.16650390625,0.0011981962015852332,1.485067367553711,1.6146619319915771,1.4787423610687256,0.11514109373092651,0.2412363280018326,1.4995208978652954,174,,,,,False,0.014453585259616375,0.11514109373092651,1.485067367553711
0.0004235788364894688,11.945910149055313,0.01331484317779541,48.29031098000269,4899.16650390625,0.00042320167995058,1.4989879131317139,1.4808423519134521,1.4907331466674805,-0.023205697536468506,0.24340814399693045,1.5040479898452759,175,,,,,False,0.005060034804046154,-0.023205697536468506,1.4989879131317139
0.08927640318870544,11.945910149055313,1.077218770980835,48.5756027009993,4899.16650390625,0.020746368914842606,1.5395207405090332,2.597400426864624,1.528789758682251,-0.00860816240310669,0.24474187400119263,2.606008529663086,176,,,,,False,1.0664879083633423,-0.00860816240310669,1.5395207405090332
0.0011093378998339176,11.945910149055313,0.022115111351013184,48.851159126999846,4899.16650390625,0.0010942593216896057,1.5139741897583008,1.5817286968231201,1.5051110982894897,0.05450254678726196,0.2419905619972269,1.527226209640503,177,,,,,False,0.013252051547169685,0.05450254678726196,1.5139741897583008
0.0011511413613334298,11.945910149055313,0.02495419979095459,49.12537468600203,4899.16650390625,0.0011330570559948683,1.4975173473358154,1.5787936449050903,1.4863145351409912,0.06752490997314453,0.24010772199835628,1.5112687349319458,178,,,,,False,0.013751431368291378,0.06752490997314453,1.4975173473358154
0.0029297524597495794,11.945910149055313,0.0429764986038208,49.40391873400222,4899.16650390625,0.0028702332638204098,1.483147144317627,1.5310574769973755,1.4751691818237305,0.012911796569824219,0.23697463200005586,1.5181456804275513,179,,,,,False,0.034998562186956406,0.012911796569824219,1.483147144317627
0.0006243705283850431,11.945910149055313,0.012623786926269531,49.67735891100165,4899.16650390625,0.0006227046251296997,1.5091098546981812,1.522153377532959,1.503944754600525,0.005584836006164551,0.24046849499791279,1.5165685415267944,180,,,,,False,0.007458674255758524,0.005584836006164551,1.5091098546981812
0.0012401279527693987,11.945910149055313,0.02439868450164795,49.95344829000169,4899.16650390625,0.001228253124281764,1.49558424949646,1.5271636247634888,1.4860000610351562,0.01676487922668457,0.24065692799922545,1.5103987455368042,181,,,,,False,0.014814457856118679,0.01676487922668457,1.49558424949646
0.006628597155213356,11.945910149055313,0.0870438814163208,50.22904262600059,4899.16650390625,0.006389681249856949,1.4849083423614502,1.6045873165130615,1.4770491123199463,0.04049438238143921,0.239921990003495,1.564092993736267,182,,,,,False,0.0791846290230751,0.04049438238143921,1.4849083423614502
0.005621262826025486,11.945910149055313,0.07514679431915283,50.49871670400171,4899.16650390625,0.005160161759704351,1.499827265739441,1.589712381362915,1.4918315410614014,0.022734105587005615,0.23948075899897958,1.5669783353805542,183,,,,,False,0.06715109944343567,0.022734105587005615,1.499827265739441
0.0007305872859433293,11.945910149055313,0.016852498054504395,50.77269628100112,4899.16650390625,0.0007270115311257541,1.5129507780075073,1.6265298128128052,1.5048258304595947,0.10485148429870605,0.2410394489997998,1.5216783285140991,184,,,,,False,0.008727530017495155,0.10485148429870605,1.5129507780075073
0.004827461205422878,11.945910149055313,0.06530070304870605,51.04449363400272,4899.16650390625,0.004554280545562506,1.5078516006469727,1.5659598112106323,1.5002193450927734,0.00043976306915283203,0.24021147100211238,1.5655200481414795,185,,,,,False,0.05766841769218445,0.00043976306915283203,1.5078516006469727
0.003293390152975917,11.945910149055313,0.046810269355773926,51.31646839300083,4899.16650390625,0.00314133008942008,1.5351955890655518,1.627143144607544,1.5277278423309326,0.05260509252548218,0.2406895700005407,1.5745381116867065,186,,,,,False,0.039342544972896576,0.05260509252548218,1.5351955890655518
0.0007330895168706775,11.945910149055313,0.020537257194519043,51.59355943600167,4899.16650390625,0.0007309801876544952,1.515488624572754,1.6100056171417236,1.503708839416504,0.08575946092605591,0.24036590499963495,1.524246096611023,187,,,,,False,0.008757421746850014,0.08575946092605591,1.515488624572754
0.0014614479150623083,11.945910149055313,0.027045488357543945,51.869768079002824,4899.16650390625,0.001444504945538938,1.4724676609039307,1.7597094774246216,1.4628804922103882,0.26978349685668945,0.24124116700113518,1.4899259805679321,188,,,,,False,0.017458325251936913,0.26978349685668945,1.4724676609039307
0.00022976950276643038,11.945910149055313,0.010584354400634766,52.15131842499977,4899.21728515625,0.00022966787219047546,1.4980981349945068,1.5488600730895996,1.4902585744857788,0.04801708459854126,0.24392326100132777,1.5008429288864136,189,,,,,False,0.0027448059991002083,0.04801708459854126,1.4980981349945068
0.0012058814754709601,11.945910149055313,0.022499918937683105,52.42256501299926,4899.21728515625,0.0011904649436473846,1.476503849029541,1.5738773345947266,1.4684092998504639,0.08296805620193481,0.23923348099924624,1.490909218788147,190,,,,,False,0.01440535206347704,0.08296805620193481,1.476503849029541
0.002871317556127906,11.945910149055313,0.04335486888885498,52.69417396800054,4899.21728515625,0.0027786220889538527,1.4884138107299805,1.6022238731384277,1.4793593883514404,0.0795096755027771,0.2378172460012138,1.5227142572402954,191,,,,,False,0.03430050238966942,0.0795096755027771,1.4884138107299805
0.0005401258240453899,11.945910149055313,0.01513969898223877,52.97113526400062,4899.21728515625,0.0005390110309235752,1.4828795194625854,1.5168993473052979,1.4741921424865723,0.027567565441131592,0.2409756560009555,1.489331841468811,192,,,,,False,0.006452294532209635,0.027567565441131592,1.4828795194625854
0.0016281645512208343,11.945910149055313,0.02918386459350586,53.24264920800124,4899.21728515625,0.001589801162481308,1.466324806213379,1.4953532218933105,1.4565908908843994,0.009578526020050049,0.23837877299956745,1.4857747554779053,193,,,,,False,0.019449908286333084,0.009578526020050049,1.466324806213379
0.0022585925180464983,11.945910149055313,0.03999137878417969,53.52149679800277,4899.21728515625,0.0021964560728520155,1.5100749731063843,1.6174952983856201,1.4970645904541016,0.08043926954269409,0.240815493001719,1.5370559692382812,194,,,,,False,0.026980943977832794,0.08043926954269409,1.5100749731063843
0.0004418903263285756,11.945910149055313,0.018054485321044922,53.79773575999934,4899.21728515625,0.00044117620564065874,1.5192346572875977,1.5414568185806274,1.5064589977264404,0.01694333553314209,0.24016139000013936,1.5245134830474854,195,,,,,False,0.005278782453387976,0.01694333553314209,1.5192346572875977
0.0003286577411927283,11.945910149055313,0.014230608940124512,54.07170619500175,4901.1103515625,0.0003284576232545078,1.4904521703720093,1.5049548149108887,1.4801477193832397,0.01057654619216919,0.24211103099878528,1.4943783283233643,196,,,,,False,0.003926116041839123,0.01057654619216919,1.4904521703720093
0.0003742776461876929,11.945910149055313,0.01727747917175293,54.34285969300254,4901.1103515625,0.00037399804568849504,1.5139269828796387,1.5554496049880981,1.5011205673217773,0.03705155849456787,0.23890897299861535,1.5183980464935303,197,,,,,False,0.004471087362617254,0.03705155849456787,1.5139269828796387
0.0012575102737173438,11.945910149055313,0.021941781044006348,54.60977271400043,4901.1103515625,0.001249438850209117,1.4715535640716553,1.5517933368682861,1.4646339416503906,0.06521755456924438,0.23613289300192264,1.486575722694397,198,,,,,False,0.015022105537354946,0.06521755456924438,1.4715535640716553
0.0007492245058529079,11.945910149055313,0.017519831657409668,54.88985786500052,4901.1103515625,0.000742866366636008,1.4945123195648193,1.5306483507156372,1.4859426021575928,0.027185916900634766,0.243638234998798,1.5034624338150024,199,,,,,False,0.008950169198215008,0.027185916900634766,1.4945123195648193
0.0008287159726023674,11.945910149055313,0.01948535442352295,61.936128999001085,4901.1103515625,0.0008238554000854492,1.506087303161621,1.5599404573440552,1.4965016841888428,0.04395341873168945,0.2480791819980368,1.5159870386123657,200,486,1.5276200771331787,0.488695470001403,2.097800051997183,False,0.009899767115712166,0.04395341873168945,1.506087303161621
0.0010800770251080394,11.945910149055313,0.019287586212158203,62.20924252400073,4901.1103515625,0.0010736150434240699,1.4908828735351562,1.5422511100769043,1.4844977855682373,0.038465678691864014,0.24159756699737045,1.5037853717803955,201,,,,,False,0.012902503833174706,0.038465678691864014,1.4908828735351562
0.00032053323229774833,11.945910149055313,0.016980767250061035,62.48559787100021,4901.1103515625,0.00032031413866207004,1.5074758529663086,1.5931611061096191,1.4943240880966187,0.08185619115829468,0.24350878999757697,1.5113048553466797,202,,,,,False,0.003829061286523938,0.08185619115829468,1.5074758529663086
0.014732029289007187,11.945910149055313,0.18683362007141113,62.760762560999865,4901.22607421875,0.012330162338912487,1.4707155227661133,1.757997989654541,1.459869384765625,0.11129498481750488,0.23978195800009416,1.6467030048370361,203,,,,,False,0.17598749697208405,0.11129498481750488,1.4707155227661133
0.01985364407300949,11.945910149055313,0.24834275245666504,63.04322352999952,4901.22607421875,0.013399637304246426,1.5171369314193726,1.8061788082122803,1.5059640407562256,0.05187195539474487,0.24338488100329414,1.7543067932128906,204,,,,,False,0.23716984689235687,0.05187195539474487,1.5171369314193726
0.0009845435852184892,11.945910149055313,0.021352767944335938,63.318859548002365,4901.22607421875,0.0009818387916311622,1.523551344871521,1.5641354322433472,1.5139598846435547,0.028822779655456543,0.24227944100130117,1.5353126525878906,205,,,,,False,0.01176126953214407,0.028822779655456543,1.523551344871521
0.004347687587141991,11.945910149055313,0.06111407279968262,63.601211762001185,4901.22607421875,0.00419475045055151,1.4735076427459717,1.5721714496612549,1.4643306732177734,0.04672670364379883,0.2453267529999721,1.525444746017456,206,,,,,False,0.05193708837032318,0.04672670364379883,1.4735076427459717
0.0030122026801109314,11.945910149055313,0.04108107089996338,63.87596633400244,4902.279296875,0.0029098144732415676,1.4619770050048828,1.5395251512527466,1.4568794965744019,0.04156458377838135,0.24198414599959506,1.4979605674743652,207,,,,,False,0.035983502864837646,0.04156458377838135,1.4619770050048828
0.024258410558104515,11.945910149055313,0.2985416650772095,64.1480209500005,4902.279296875,0.015841791406273842,1.4767920970916748,1.7963258028030396,1.4680392742156982,0.029744863510131836,0.2422876950004138,1.7665809392929077,208,,,,,False,0.2897888123989105,0.029744863510131836,1.4767920970916748
0.0014645589981228113,11.945910149055313,0.024563312530517578,64.42365740700188,4902.279296875,0.0014505833387374878,1.4838069677352905,1.5139992237091064,1.4767391681671143,0.012696802616119385,0.24440599700028542,1.5013024806976318,209,,,,,False,0.017495490610599518,0.012696802616119385,1.4838069677352905
0.0016673358622938395,11.945910149055313,0.026915550231933594,64.70000128200263,4902.279296875,0.00165659561753273,1.4691985845565796,1.5252845287322998,1.4622008800506592,0.036168038845062256,0.2429211500020756,1.4891164302825928,210,,,,,False,0.019917845726013184,0.036168038845062256,1.4691985845565796
0.0013574704062193632,11.945910149055313,0.020591139793395996,64.9803692150017,4902.279296875,0.001348402351140976,1.4896600246429443,1.5321917533874512,1.4852851629257202,0.026315391063690186,0.24379213900101604,1.5058763027191162,211,,,,,False,0.01621622033417225,0.026315391063690186,1.4896600246429443
0.0006533208070322871,11.945910149055313,0.012809395790100098,65.25749197100231,4902.279296875,0.0006515769055113196,1.4822051525115967,1.557984471321106,1.4772002696990967,0.06797480583190918,0.24095470400061458,1.4900096654891968,212,,,,,False,0.007804512046277523,0.06797480583190918,1.4822051525115967
0.0007254210649989545,11.945910149055313,0.015953421592712402,65.53879100300037,4902.279296875,0.00072358304169029,1.47296142578125,1.501600980758667,1.465673804283142,0.019973814487457275,0.24469172500175773,1.4816272258758545,213,,,,,False,0.008665814995765686,0.019973814487457275,1.47296142578125
0.0020046269055455923,11.945910149055313,0.03076779842376709,65.81953847800105,4902.279296875,0.0019710510969161987,1.483931303024292,1.5063889026641846,1.4771106243133545,-0.0014895200729370117,0.24370284099859418,1.5078784227371216,214,,,,,False,0.0239470936357975,-0.0014895200729370117,1.483931303024292
0.00030157965375110507,11.945910149055313,0.011575818061828613,66.09770629400009,4902.279296875,0.0003013536334037781,1.475269079208374,1.491145133972168,1.4672958850860596,0.01227337121963501,0.24218575800114195,1.4788717031478882,215,,,,,False,0.003602643497288227,0.01227337121963501,1.475269079208374
0.0002579463762231171,11.945910149055313,0.011827826499938965,66.37899941000069,4902.279296875,0.00025770068168640137,1.5155155658721924,1.5727920532226562,1.5067691802978516,0.05419498682022095,0.24305783399904612,1.5185970067977905,216,,,,,False,0.003081404371187091,0.05419498682022095,1.5155155658721924
0.000982784666121006,11.945910149055313,0.0239485502243042,66.66190522599936,4902.279296875,0.0009680961957201362,1.4675744771957397,1.4608415365219116,1.4553661346435547,-0.018473148345947266,0.24567178700090153,1.4793146848678589,217,,,,,False,0.01174025796353817,-0.018473148345947266,1.4675744771957397
0.00041767381480894983,11.945910149055313,0.014574527740478516,66.94531401600034,4902.279296875,0.00041682025766931474,1.5166635513305664,1.5056471824645996,1.5070785284042358,-0.01600593328475952,0.24336401400069008,1.5216530561447144,218,,,,,False,0.004989494103938341,-0.01600593328475952,1.5166635513305664
0.0002512174833100289,11.945910149055313,0.010253429412841797,67.21986571900197,4902.279296875,0.00025109079433605075,1.47678542137146,1.5206316709518433,1.4695329666137695,0.040845274925231934,0.24072320799677982,1.4797863960266113,219,,,,,False,0.0030010214541107416,0.040845274925231934,1.47678542137146
0.00015246336988639086,11.945910149055313,0.010680556297302246,67.49103117300183,4902.279296875,0.00015244136739056557,1.4805959463119507,1.5272340774536133,1.4717366695404053,0.04481685161590576,0.2401368819992058,1.4824172258377075,220,,,,,False,0.001821313751861453,0.04481685161590576,1.4805959463119507
0.00022988070850260556,11.945910149055313,0.008719801902770996,67.76600000700273,4902.279296875,0.00022975480533204973,1.4567087888717651,1.4799346923828125,1.450735092163086,0.020479798316955566,0.23936635199788725,1.459454894065857,221,,,,,False,0.0027461342979222536,0.020479798316955566,1.4567087888717651
0.0007406363147310913,11.945910149055313,0.019240617752075195,68.04759789799937,4902.279296875,0.0007351512904278934,1.4688233137130737,1.5319280624389648,1.458430290222168,0.054257214069366455,0.24132905900114565,1.4776709079742432,222,,,,,False,0.008847574703395367,0.054257214069366455,1.4688233137130737
0.0005583872552961111,11.945910149055313,0.012250065803527832,68.3232784460015,4902.279296875,0.0005566838080994785,1.4803047180175781,1.505296230316162,1.4747251272201538,0.018321096897125244,0.24323560500124586,1.4869751930236816,223,,,,,False,0.006670444272458553,0.018321096897125244,1.4803047180175781
0.00032819804619066417,11.945910149055313,0.009888291358947754,68.60310791300071,4902.279296875,0.0003277051146142185,1.4673875570297241,1.4631824493408203,1.461419939994812,-0.008125722408294678,0.24120771600064472,1.4713082313537598,224,,,,,False,0.003920624498277903,-0.008125722408294678,1.4673875570297241
0.0001687939220573753,11.945910149055313,0.006805300712585449,68.89350185500007,4902.279296875,0.00016874572611413896,1.4382237195968628,1.462662696838379,1.4334348440170288,0.02242255210876465,0.2543361080024624,1.4402401447296143,225,,,,,False,0.0020163971930742264,0.02242255210876465,1.4382237195968628
0.00022548888227902353,11.945910149055313,0.01449596881866455,69.17022159300177,4902.279296875,0.0002254036662634462,1.4781713485717773,1.5001063346862793,1.4663690328598022,0.0192413330078125,0.24341428100160556,1.4808650016784668,226,,,,,False,0.00269367010332644,0.0192413330078125,1.4781713485717773
0.00026960132527165115,11.945910149055313,0.009688496589660645,69.45288975100266,4902.279296875,0.00026931738830171525,1.4533710479736328,1.466329574584961,1.4469032287597656,0.009737908840179443,0.24422553700060234,1.4565917253494263,227,,,,,False,0.0032206333708018064,0.009737908840179443,1.4533710479736328
0.00022695549705531448,11.945910149055313,0.01641392707824707,69.7280958779993,4902.279296875,0.0002268341777380556,1.492582082748413,1.4762868881225586,1.4788793325424194,-0.019006311893463135,0.2434410839996417,1.4952932596206665,228,,,,,False,0.0027111901436001062,-0.019006311893463135,1.492582082748413
0.0001826660882215947,11.945910149055313,0.008975744247436523,70.00630751500285,4902.279296875,0.0001826174557209015,1.463083267211914,1.4812818765640259,1.4562896490097046,0.016016483306884766,0.2438851929982775,1.4652653932571411,229,,,,,False,0.0021821127738803625,0.016016483306884766,1.463083267211914
0.0003256711352150887,11.945910149055313,0.013004064559936523,70.28661764500066,4902.279296875,0.00032535693026147783,1.464734435081482,1.4642318487167358,1.4556207656860352,-0.00439298152923584,0.2500896389974514,1.4686248302459717,230,,,,,False,0.003890438238158822,-0.00439298152923584,1.464734435081482
0.00038817914901301265,11.945910149055313,0.01216578483581543,70.56715310200161,4902.279296875,0.0003866118786390871,1.512285590171814,1.5666418075561523,1.5047569274902344,0.049719035625457764,0.24307379799938644,1.5169227123260498,231,,,,,False,0.0046371533535420895,0.049719035625457764,1.512285590171814
0.0004484237579163164,11.945910149055313,0.009965896606445312,70.84276331799992,4902.279296875,0.00044626742601394653,1.475722312927246,1.4896520376205444,1.4711132049560547,0.008572936058044434,0.2431502580002416,1.4810791015625,232,,,,,False,0.005356830079108477,0.008572936058044434,1.475722312927246
0.000646236992906779,11.945910149055313,0.013696670532226562,71.12204645600286,4902.279296875,0.000642683357000351,1.4597506523132324,1.4655245542526245,1.453773856163025,-0.0019459724426269531,0.24320248499861918,1.4674705266952515,233,,,,,False,0.007719889283180237,-0.0019459724426269531,1.4597506523132324
0.0014569952618330717,11.945910149055313,0.021175026893615723,71.40517675500087,4902.279296875,0.001441456377506256,1.4219716787338257,1.4692094326019287,1.4182018041610718,0.02983260154724121,0.25153742199836415,1.4393768310546875,234,,,,,False,0.017405135557055473,0.02983260154724121,1.4219716787338257
0.0006097372388467193,11.945910149055313,0.014967203140258789,71.68080700200153,4902.279296875,0.0006057185819372535,1.4691686630249023,1.4855777025222778,1.4614853858947754,0.009125113487243652,0.24471256600008928,1.4764525890350342,235,,,,,False,0.0072838664054870605,0.009125113487243652,1.4691686630249023
0.00023447982675861567,11.945910149055313,0.008066058158874512,71.95683090999955,4902.279296875,0.00023439402866642922,1.4833242893218994,1.4884121417999268,1.4780592918395996,0.002286851406097412,0.24524943599681137,1.4861253499984741,236,,,,,False,0.0028010751120746136,0.002286851406097412,1.4833242893218994
0.0001866069360403344,11.945910149055313,0.008518576622009277,72.23496046299988,4902.279296875,0.00018655136227607727,1.441573977470398,1.4885685443878174,1.4352846145629883,0.044765353202819824,0.24532855999859748,1.4438031911849976,237,,,,,False,0.002229189733043313,0.044765353202819824,1.441573977470398
0.00023051118478178978,11.945910149055313,0.007074475288391113,72.50858374000018,4902.279296875,0.0002304340450791642,1.4568002223968506,1.4948620796203613,1.452479362487793,0.035308241844177246,0.24253913099892088,1.459553837776184,238,,,,,False,0.002753665903583169,0.035308241844177246,1.4568002223968506
0.0003978267777711153,11.945910149055313,0.0076667070388793945,72.78728736099947,4902.279296875,0.00039744999958202243,1.424394965171814,1.455888032913208,1.421480655670166,0.026740670204162598,0.24255976299900794,1.4291473627090454,239,,,,,False,0.004752403125166893,0.026740670204162598,1.424394965171814
0.00044566355063579977,11.945910149055313,0.01042795181274414,73.0633175380026,4902.279296875,0.00044520944356918335,1.42362380027771,1.4607696533203125,1.4185197353363037,0.03182196617126465,0.23920700300004683,1.4289476871490479,240,,,,,False,0.005323857069015503,0.03182196617126465,1.42362380027771
0.0003399814013391733,11.945910149055313,0.010072708129882812,73.33417487300176,4902.279296875,0.00033972164965234697,1.461850881576538,1.5318998098373413,1.4558395147323608,0.06598758697509766,0.24174768700322602,1.4659122228622437,241,,,,,False,0.00406138738617301,0.06598758697509766,1.461850881576538
0.0005098225665278733,11.945910149055313,0.009957075119018555,73.60972711400245,4902.279296875,0.0005090447957627475,1.4589385986328125,1.48209547996521,1.4550718069076538,0.017066538333892822,0.2419935469988559,1.4650288820266724,242,,,,,False,0.006090294569730759,0.017066538333892822,1.4589385986328125
0.00028034375282004476,11.945910149055313,0.006341814994812012,73.88647555699936,4902.279296875,0.0002802287635859102,1.4162240028381348,1.4943063259124756,1.4132311344146729,0.0747334361076355,0.24506859499888378,1.4195729494094849,243,,,,,False,0.0033489614725112915,0.0747334361076355,1.4162240028381348
0.0018714701291173697,11.945910149055313,0.026837468147277832,74.16386205100207,4902.279296875,0.001802304177545011,1.4765079021453857,1.464432954788208,1.4720268249511719,-0.034431397914886475,0.2437254610013042,1.4988642930984497,244,,,,,False,0.022356415167450905,-0.034431397914886475,1.4765079021453857
0.0006425746832974255,11.945910149055313,0.01363992691040039,74.43955837000249,4902.279296875,0.0006410963833332062,1.4293088912963867,1.4478189945220947,1.4233450889587402,0.010834038257598877,0.24138684299759916,1.4369850158691406,245,,,,,False,0.0076761394739151,0.010834038257598877,1.4293088912963867
0.00033749028807505965,11.945910149055313,0.008466720581054688,74.71710638300283,4902.279296875,0.0003371201455593109,1.43186354637146,1.4783461093902588,1.4274284839630127,0.04245096445083618,0.2459637770007248,1.4358952045440674,246,,,,,False,0.0040316288359463215,0.04245096445083618,1.43186354637146
0.0006031825905665755,11.945910149055313,0.013894796371459961,74.9969561930011,4902.279296875,0.0006013910169713199,1.4427379369735718,1.456268548965454,1.4360487461090088,0.0063250064849853516,0.24515046899978188,1.4499435424804688,247,,,,,False,0.007205564994364977,0.0063250064849853516,1.4427379369735718
0.0002119141281582415,11.945910149055313,0.009072422981262207,75.27659831600249,4902.279296875,0.00021179765462875366,1.4518765211105347,1.4444224834442139,1.4453356266021729,-0.009985566139221191,0.244140641996637,1.454408049583435,248,,,,,False,0.002531507285311818,-0.009985566139221191,1.4518765211105347
0.00029571980121545494,11.945910149055313,0.010959386825561523,75.55425862600168,4902.279296875,0.00029542422271333635,1.4634575843811035,1.60353684425354,1.4560308456420898,0.1365465521812439,0.24479309100206592,1.4669902324676514,249,,,,,False,0.00353264226578176,0.1365465521812439,1.4634575843811035
0.000879697734490037,11.945910149055313,0.013348579406738281,75.82837786299933,4902.279296875,0.0008736575837247074,1.442103385925293,1.5064711570739746,1.4392635822296143,0.053858935832977295,0.24179364100200473,1.4526121616363525,250,,,,,False,0.010508790612220764,0.053858935832977295,1.442103385925293
0.00022598274517804384,11.945910149055313,0.013805985450744629,76.10494082500009,4902.36376953125,0.00022587677813135087,1.4795902967453003,1.5367923974990845,1.4684839248657227,0.05450248718261719,0.24406963899673428,1.4822899103164673,251,,,,,False,0.0026995695661753416,0.05450248718261719,1.4795902967453003
0.00037166313268244267,11.945910149055313,0.010489106178283691,76.38314365300175,4902.36376953125,0.00037126120878383517,1.4321255683898926,1.5330462455749512,1.4260762929916382,0.0964808464050293,0.2457807020000473,1.4365653991699219,252,,,,,False,0.00443985452875495,0.0964808464050293,1.4321255683898926
0.00046945433132350445,11.945910149055313,0.010165095329284668,76.65507204000096,4902.36376953125,0.00046899542212486267,1.4045970439910889,1.4229340553283691,1.4000400304794312,0.012728989124298096,0.24089696499868296,1.4102051258087158,253,,,,,False,0.005608059465885162,0.012728989124298096,1.4045970439910889
0.0002794012543745339,11.945910149055313,0.00909280776977539,76.9267289010022,4902.36376953125,0.00027923908783122897,1.463653564453125,1.5145152807235718,1.457898497581482,0.04752397537231445,0.24044513199987705,1.4669913053512573,254,,,,,False,0.0033377024810761213,0.04752397537231445,1.463653564453125
0.0008066617883741856,11.945910149055313,0.01256263256072998,77.204667238002,4902.36376953125,0.0008040493121370673,1.4242913722991943,1.534089207649231,1.4213650226593018,0.10016155242919922,0.24213479199897847,1.4339276552200317,255,,,,,False,0.009636309929192066,0.10016155242919922,1.4242913722991943
0.0004215485823806375,11.945910149055313,0.008691549301147461,77.48375905500143,4902.59765625,0.0004212272760923952,1.4403026103973389,1.4447890520095825,1.436646819114685,-0.00054931640625,0.24197432000073604,1.4453383684158325,256,,,,,False,0.005035781767219305,-0.00054931640625,1.4403026103973389
0.00027953769313171506,11.945910149055313,0.008026838302612305,77.7622715940015,4902.59765625,0.00027942657470703125,1.4331576824188232,1.448601245880127,1.4284701347351074,0.012104332447052002,0.24061483699915698,1.4364969730377197,257,,,,,False,0.0033393322955816984,0.012104332447052002,1.4331576824188232
0.0008693918935023248,11.945910149055313,0.016988754272460938,78.04107668500001,4902.59765625,0.0008650633390061557,1.479161024093628,1.517925500869751,1.4725579023361206,0.028378844261169434,0.2427394690021174,1.4895466566085815,258,,,,,False,0.01038567814975977,0.028378844261169434,1.479161024093628
0.0005426016869023442,11.945910149055313,0.01255190372467041,78.31893629800106,4902.59765625,0.0005416087806224823,1.455056071281433,1.461639404296875,1.4489860534667969,0.00010144710540771484,0.24080469100226765,1.4615379571914673,259,,,,,False,0.006481871008872986,0.00010144710540771484,1.455056071281433
0.0011414976324886084,11.945910149055313,0.01974773406982422,78.59867750700141,4902.59765625,0.00113561877515167,1.451621413230896,1.4582750797271729,1.445509910583496,-0.006982564926147461,0.24224355600017589,1.4652576446533203,260,,,,,False,0.013636228628456593,-0.006982564926147461,1.451621413230896
0.0002808131685014814,11.945910149055313,0.008883476257324219,78.87792214699948,4902.59765625,0.00028044235659763217,1.421866774559021,1.4062340259552002,1.4163378477096558,-0.018987298011779785,0.24253406299976632,1.42522132396698,261,,,,,False,0.0033545689657330513,-0.018987298011779785,1.421866774559021
0.0004673426446970552,11.945910149055313,0.010410428047180176,79.15566808199947,4904.10693359375,0.0004669080371968448,1.4262713193893433,1.5642063617706299,1.4214437007904053,0.13235217332839966,0.2412356649983849,1.4318541288375854,262,,,,,False,0.00558283319696784,0.13235217332839966,1.4262713193893433
0.0007380321621894836,11.945910149055313,0.013774275779724121,79.4315696550002,4904.10693359375,0.0007364402408711612,1.430834174156189,1.4441914558410645,1.4258763790130615,0.004540860652923584,0.24438597399785067,1.4396506547927856,263,,,,,False,0.008816465735435486,0.004540860652923584,1.430834174156189
0.0006005908944644034,11.945910149055313,0.012186288833618164,79.70904296200024,4904.10693359375,0.0005989733035676181,1.4136180877685547,1.4781385660171509,1.4086064100265503,0.05734586715698242,0.24200514399854,1.4207926988601685,264,,,,,False,0.0071746050380170345,0.05734586715698242,1.4136180877685547
0.0007359720766544342,11.945910149055313,0.016489267349243164,79.98565934900034,4904.10693359375,0.0007296031108126044,1.4499742984771729,1.457218885421753,1.4422768354415894,-0.0015471577644348145,0.2457433849995141,1.4587661027908325,265,,,,,False,0.008791856467723846,-0.0015471577644348145,1.4499742984771729
0.0001755328557919711,11.945910149055313,0.007459878921508789,80.2628671780003,4904.10693359375,0.0001754822878865525,1.4730485677719116,1.486800193786621,1.467685580253601,0.011654675006866455,0.24096066700076335,1.4751454591751099,266,,,,,False,0.0020968997851014137,0.011654675006866455,1.4730485677719116
0.000956737610977143,11.945910149055313,0.016472816467285156,80.53642212799969,4904.10693359375,0.0009513671393506229,1.4171092510223389,1.4609777927398682,1.4120655059814453,0.03243941068649292,0.24359638600071776,1.4285383224487305,267,,,,,False,0.011429102160036564,0.03243941068649292,1.4171092510223389
0.001836706418544054,11.945910149055313,0.02686178684234619,80.81533115099955,4904.10693359375,0.0017842527013272047,1.4322700500488281,1.433480978012085,1.4273494482040405,-0.020730316638946533,0.2415754100002232,1.4542112350463867,268,,,,,False,0.021941130980849266,-0.020730316638946533,1.4322700500488281
0.0006445276085287333,11.945910149055313,0.014539837837219238,81.09621067899934,4904.10693359375,0.0006420376594178379,1.439544677734375,1.4236325025558472,1.4327043294906616,-0.02361166477203369,0.24794990600275923,1.4472441673278809,269,,,,,False,0.007699469104409218,-0.02361166477203369,1.439544677734375
0.00046915351413190365,11.945910149055313,0.010345220565795898,81.37110603700057,4904.10693359375,0.0004683881998062134,1.4210326671600342,1.4242956638336182,1.4162919521331787,-0.0023415088653564453,0.2416389780009922,1.4266371726989746,270,,,,,False,0.0056044659577310085,-0.0023415088653564453,1.4210326671600342
0.0007557381759397686,11.945910149055313,0.015413999557495117,81.65161710800021,4904.10693359375,0.0007532599265687168,1.4325637817382812,1.4415079355239868,1.426177740097046,-8.380413055419922e-05,0.24596302799909608,1.441591739654541,271,,,,,False,0.009027980268001556,-8.380413055419922e-05,1.4325637817382812
0.0004101885424461216,11.945910149055313,0.008466243743896484,81.92644104099963,4904.10693359375,0.0004096105694770813,1.4348876476287842,1.451663613319397,1.4313215017318726,0.01187586784362793,0.2427099510023254,1.439787745475769,272,,,,,False,0.0049000754952430725,0.01187586784362793,1.4348876476287842
0.0006015580147504807,11.945910149055313,0.012907981872558594,82.20889070900012,4904.10693359375,0.0006004969472996891,1.4244792461395264,1.5058670043945312,1.418757438659668,0.07420164346694946,0.2444138489991019,1.4316654205322266,273,,,,,False,0.0071861580945551395,0.07420164346694946,1.4244792461395264
0.0013315369142219424,11.945910149055313,0.020609736442565918,82.48820378299934,4904.10693359375,0.0013197995722293854,1.4296331405639648,1.4570391178131104,1.4249298572540283,0.011499583721160889,0.24398422000012943,1.4455395936965942,274,,,,,False,0.015906421467661858,0.011499583721160889,1.4296331405639648
0.0003591692657209933,11.945910149055313,0.006734728813171387,82.76784413800124,4904.10693359375,0.00035899505019187927,1.4070137739181519,1.3916552066802979,1.4045696258544922,-0.019649147987365723,0.2482730720003019,1.4113043546676636,275,,,,,False,0.004290604032576084,-0.019649147987365723,1.4070137739181519
0.00041395550942979753,11.945910149055313,0.009521961212158203,83.04619348100096,4904.10693359375,0.0004136463103350252,1.4198546409606934,1.4480608701705933,1.4152777194976807,0.023261189460754395,0.24233689800166758,1.4247996807098389,276,,,,,False,0.0049450756050646305,0.023261189460754395,1.4198546409606934
0.00027353898622095585,11.945910149055313,0.008772730827331543,83.32740900200224,4904.10693359375,0.00027333697653375566,1.4371579885482788,1.433363676071167,1.4316529035568237,-0.007062017917633057,0.24474491799992393,1.4404256343841553,277,,,,,False,0.0032676721457391977,-0.007062017917633057,1.4371579885482788
0.0004266951000317931,11.945910149055313,0.009978652000427246,83.60440284800279,4904.10693359375,0.0004263048467691988,1.429203987121582,1.4195301532745361,1.4243226051330566,-0.014771044254302979,0.24384385400117026,1.4343012571334839,278,,,,,False,0.005097261629998684,-0.014771044254302979,1.429203987121582
0.00036825353163294494,11.945910149055313,0.007362961769104004,83.88075911200212,4904.10693359375,0.0003677619097288698,1.3958740234375,1.4302852153778076,1.3929102420806885,0.03001195192337036,0.24416915400070138,1.4002732038497925,279,,,,,False,0.004399123601615429,0.03001195192337036,1.3958740234375
0.0003819476696662605,11.945910149055313,0.010509252548217773,84.15471739699933,4904.10693359375,0.00038165226578712463,1.4378126859664917,1.468353033065796,1.43186616897583,0.025977671146392822,0.24252816299849655,1.4423754215240479,280,,,,,False,0.004562712740153074,0.025977671146392822,1.4378126859664917
0.0008161609875969589,11.945910149055313,0.013978838920593262,84.42958349800028,4904.10693359375,0.0008115743985399604,1.410766839981079,1.4002902507781982,1.4065377712249756,-0.02022629976272583,0.24158216300202184,1.4205166101455688,281,,,,,False,0.009749785996973515,-0.02022629976272583,1.410766839981079
0.0007889661355875432,11.945910149055313,0.014312148094177246,84.70998410000175,4904.10693359375,0.0007871836423873901,1.4053316116333008,1.4187666177749634,1.4004443883895874,0.0040100812911987305,0.24491753699840046,1.4147565364837646,282,,,,,False,0.00942491926252842,0.0040100812911987305,1.4053316116333008
0.0006428666529245675,11.945910149055313,0.011300086975097656,84.99691467400044,4905.18798828125,0.0006407275795936584,1.4053605794906616,1.445760726928711,1.4017400741577148,0.03272062540054321,0.24389303800126072,1.4130401611328125,283,,,,,False,0.007679627276957035,0.03272062540054321,1.4053605794906616
0.0004407190717756748,11.945910149055313,0.008307218551635742,85.27745659100037,4905.18798828125,0.00044038519263267517,1.404595136642456,1.42779541015625,1.401552677154541,0.017935514450073242,0.2429895850000321,1.4098598957061768,284,,,,,False,0.00526479072868824,0.017935514450073242,1.404595136642456
0.00048219162272289395,11.945910149055313,0.011153697967529297,85.55351089000033,4905.18798828125,0.00048128393245860934,1.4537376165390015,1.4524362087249756,1.448344111442566,-0.0070615410804748535,0.24329710999882082,1.4594978094100952,285,,,,,False,0.005760218016803265,-0.0070615410804748535,1.4537376165390015
0.0016010093968361616,11.945910149055313,0.021759629249572754,85.82960323800216,4905.18798828125,0.0015728175640106201,1.4243907928466797,1.4142953157424927,1.421756625175476,-0.029220938682556152,0.24440733400115278,1.4435162544250488,286,,,,,False,0.01912551559507847,-0.029220938682556152,1.4243907928466797
0.001088030869141221,11.945910149055313,0.01933896541595459,86.10368728400135,4905.18798828125,0.0010736286640167236,1.3922219276428223,1.4591028690338135,1.385880470275879,0.053883373737335205,0.24435425300180214,1.4052194356918335,287,,,,,False,0.012997519224882126,0.053883373737335205,1.3922219276428223
0.0007305367616936564,11.945910149055313,0.013491511344909668,86.38279158500154,4905.18798828125,0.0007276249816641212,1.4166955947875977,1.4179391860961914,1.411931037902832,-0.007483363151550293,0.24489705499945558,1.4254225492477417,288,,,,,False,0.008726926520466805,-0.007483363151550293,1.4166955947875977
0.00039928348269313574,11.945910149055313,0.010896801948547363,86.6622405119997,4905.18798828125,0.0003986706433352083,1.4427289962768555,1.4316588640213013,1.436601996421814,-0.01583993434906006,0.2448502549996192,1.4474987983703613,289,,,,,False,0.004769804887473583,-0.01583993434906006,1.4427289962768555
0.00031618637149222195,11.945910149055313,0.006165146827697754,86.93917588900149,4905.18798828125,0.0003160101769026369,1.3946822881698608,1.4621150493621826,1.3922942876815796,0.06365567445755005,0.24160566999853472,1.3984594345092773,290,,,,,False,0.0037771339993923903,0.06365567445755005,1.3946822881698608
0.0025365364272147417,11.945910149055313,0.03607141971588135,87.22471162200236,4905.18798828125,0.002453811466693878,1.4103730916976929,1.445178747177124,1.4046028852462769,0.004504501819610596,0.25353981599982944,1.4406743049621582,291,,,,,False,0.030301237478852272,0.004504501819610596,1.4103730916976929
0.0003167428949382156,11.945910149055313,0.010292291641235352,87.5051099150005,4905.18798828125,0.0003165466187056154,1.431833267211914,1.4942651987075806,1.42532479763031,0.058648109436035156,0.24330680099956226,1.4356170892715454,292,,,,,False,0.003783782245591283,0.058648109436035156,1.431833267211914
0.00045201118336990476,11.945910149055313,0.011639952659606934,87.77657640100006,4905.18798828125,0.00045132264494895935,1.4194238185882568,1.4300992488861084,1.413183569908142,0.0052756667137146,0.2403711219994875,1.424823522567749,293,,,,,False,0.005399685353040695,0.0052756667137146,1.4194238185882568
0.0003686633426696062,11.945910149055313,0.013030290603637695,88.05505223400178,4905.18798828125,0.0003683579561766237,1.4209394454956055,1.4309313297271729,1.4123132228851318,0.00558781623840332,0.24326490099701914,1.4253435134887695,294,,,,,False,0.004404019098728895,0.00558781623840332,1.4209394454956055
0.00025195820489898324,11.945910149055313,0.00682222843170166,88.33514469100191,4905.18798828125,0.00025186812854371965,1.3760361671447754,1.3825525045394897,1.3722238540649414,0.0035064220428466797,0.24324506199991447,1.379046082496643,295,,,,,False,0.003009870182722807,0.0035064220428466797,1.3760361671447754
0.0003044503682758659,11.945910149055313,0.008428692817687988,88.61231045000022,4905.18798828125,0.0003042444586753845,1.429150104522705,1.4145879745483398,1.4243583679199219,-0.01819908618927002,0.24447252200116054,1.4327870607376099,296,,,,,False,0.003636936889961362,-0.01819908618927002,1.429150104522705
0.000332120165694505,11.945910149055313,0.011101841926574707,88.89245918199958,4905.18798828125,0.0003318724629934877,1.4143441915512085,1.4224776029586792,1.407209873199463,0.0041658878326416016,0.24527522800053703,1.4183117151260376,297,,,,,False,0.003967477940022945,0.0041658878326416016,1.4143441915512085
0.0013510903809219599,11.945910149055313,0.020763874053955078,89.17192082900146,4905.18798828125,0.0013284001033753157,1.4552578926086426,1.4826524257659912,1.4506340026855469,0.011254549026489258,0.24201869199896464,1.471397876739502,298,,,,,False,0.016140004619956017,0.011254549026489258,1.4552578926086426
0.0005519756814464927,11.945910149055313,0.010352730751037598,89.44873690399982,4905.18798828125,0.0005489103496074677,1.3989627361297607,1.4485244750976562,1.3952038288116455,0.04296785593032837,0.24571306700090645,1.405556559562683,299,,,,,False,0.006593851838260889,0.04296785593032837,1.3989627361297607
0.0003868107160087675,11.945910149055313,0.009386897087097168,96.6554113830025,4905.18798828125,0.0003860766883008182,1.4056724309921265,1.4319671392440796,1.4009063243865967,0.021673917770385742,0.2475757979991613,1.4102932214736938,300,486,1.3939764499664307,0.5027477329967951,2.1866196040027717,False,0.004620806314051151,0.021673917770385742,1.4056724309921265
0.0005593379028141499,11.945910149055313,0.011602401733398438,96.9390523530019,4905.18798828125,0.0005576995899900794,1.3917688131332397,1.4259562492370605,1.3868482112884521,0.027505576610565186,0.24287538900171057,1.3984506130218506,301,,,,,False,0.006681800354272127,0.027505576610565186,1.3917688131332397
0.00020540661353152245,11.945910149055313,0.006304383277893066,97.21659785600059,4905.18798828125,0.00020534670329652727,1.413504958152771,1.4143662452697754,1.4096543788909912,-0.0015925765037536621,0.2455111319977732,1.4159587621688843,302,,,,,False,0.002453769091516733,-0.0015925765037536621,1.413504958152771
0.00016575644258409739,11.945910149055313,0.008433103561401367,97.49904355400213,4905.18798828125,0.0001657232642173767,1.4191293716430664,1.4679477214813232,1.4126763343811035,0.046838343143463135,0.24688480500117294,1.4211094379425049,303,,,,,False,0.001980111701413989,0.046838343143463135,1.4191293716430664
0.0004612098855432123,11.945910149055313,0.012113213539123535,97.78469328400024,4905.18798828125,0.0004605911672115326,1.4031927585601807,1.4112234115600586,1.3965891599655151,0.002521038055419922,0.24637100499967346,1.4087023735046387,304,,,,,False,0.0055095721036195755,0.002521038055419922,1.4031927585601807
0.0005105636082589626,11.945910149055313,0.012905240058898926,98.06850413100256,4905.18798828125,0.000509678095113486,1.3992133140563965,1.430091142654419,1.3924071788787842,0.024778783321380615,0.24510753700087662,1.405312418937683,305,,,,,False,0.006099147256463766,0.024778783321380615,1.3992133140563965
0.00045158970169723034,11.945910149055313,0.007582664489746094,98.35148052800287,4905.18798828125,0.0004508855636231601,1.4036228656768799,1.4093239307403564,1.4014348983764648,0.0003063678741455078,0.24650362900138134,1.409017562866211,306,,,,,False,0.005394650157541037,0.0003063678741455078,1.4036228656768799
0.0001941923110280186,11.945910149055313,0.009058833122253418,98.66811563300143,4905.18798828125,0.0001941459922818467,1.4083220958709717,1.4170570373535156,1.4015830755233765,0.006415188312530518,0.280683773002238,1.4106419086456299,307,,,,,False,0.0023198039270937443,0.006415188312530518,1.4083220958709717
0.0004540907102636993,11.945910149055313,0.009082317352294922,98.95380980900154,4905.18798828125,0.00045329955173656344,1.3812034130096436,1.3590149879455566,1.3775455951690674,-0.02761298418045044,0.2530563529981009,1.3866279125213623,308,,,,,False,0.005424526985734701,-0.02761298418045044,1.3812034130096436
0.0003101526526734233,11.945910149055313,0.007945537567138672,99.2402140209997,4905.18798828125,0.0003098125453107059,1.4008044004440308,1.3890254497528076,1.3965638875961304,-0.01548391580581665,0.24415996199968504,1.404509425163269,309,,,,,False,0.003705055918544531,-0.01548391580581665,1.4008044004440308
0.0005482080159708858,11.945910149055313,0.01193392276763916,99.52172768300079,4905.18798828125,0.0005462691187858582,1.3799203634262085,1.3944512605667114,1.374535322189331,0.007982015609741211,0.24769355500029633,1.3864692449569702,310,,,,,False,0.006548843812197447,0.007982015609741211,1.3799203634262085
0.0005351431318558753,11.945910149055313,0.00996410846710205,99.80809078799939,4905.18798828125,0.0005341122741810977,1.4208468198776245,1.4406729936599731,1.4172754287719727,0.013433456420898438,0.2497418069979176,1.4272395372390747,311,,,,,False,0.00639277184382081,0.013433456420898438,1.4208468198776245
0.000911023176740855,11.945910149055313,0.013977646827697754,100.0877911940006,4905.18798828125,0.0009007802000269294,1.4149806499481201,1.5134696960449219,1.4118859767913818,0.08760607242584229,0.24313014600193128,1.4258636236190796,312,,,,,False,0.010883001610636711,0.08760607242584229,1.4149806499481201
0.00019969471031799912,11.945910149055313,0.008498549461364746,100.35844650999934,4905.18798828125,0.0001996333448914811,1.405950903892517,1.4097278118133545,1.399837851524353,0.0013913512229919434,0.23800111300079152,1.4083364009857178,313,,,,,False,0.002385535044595599,0.0013913512229919434,1.405950903892517
0.00021823511633556336,11.945910149055313,0.0071332454681396484,100.62920625300103,4905.18798828125,0.00021817287779413164,1.4068583250045776,1.50358247756958,1.402332067489624,0.0941171646118164,0.23982684799921117,1.4094653129577637,314,,,,,False,0.002607017057016492,0.0941171646118164,1.4068583250045776
0.0005112789804115891,11.945910149055313,0.011085867881774902,100.9110309610005,4905.18798828125,0.0005105026066303253,1.4049367904663086,1.4139193296432495,1.399958610534668,0.0028748512268066406,0.2421418129997619,1.4110444784164429,315,,,,,False,0.006107693072408438,0.0028748512268066406,1.4049367904663086
0.00040738433017395437,11.945910149055313,0.009799003601074219,101.18995274800182,4905.18798828125,0.000406785577069968,1.3945350646972656,1.3911206722259521,1.3896026611328125,-0.008281052112579346,0.24576677300137817,1.3994016647338867,316,,,,,False,0.004866576753556728,-0.008281052112579346,1.3945350646972656
0.0002894404751714319,11.945910149055313,0.008899807929992676,101.46033854900088,4905.18798828125,0.0002893197233788669,1.3764513731002808,1.4059394598007202,1.3710092306137085,0.026030421257019043,0.23874394700033008,1.3799090385437012,317,,,,,False,0.0034576300531625748,0.026030421257019043,1.3764513731002808
0.0004325601039454341,11.945910149055313,0.008854269981384277,101.73425851600041,4905.18798828125,0.00043197101331315935,1.4004344940185547,1.4055042266845703,1.3967475891113281,-9.763240814208984e-05,0.24199474999841186,1.4056018590927124,318,,,,,False,0.005167324095964432,-9.763240814208984e-05,1.4004344940185547
0.00033554754918441176,11.945910149055313,0.00685727596282959,102.01261128899932,4905.18798828125,0.0003353556094225496,1.3883333206176758,1.413329839706421,1.3854844570159912,0.020988047122955322,0.2417283340000722,1.3923417329788208,319,,,,,False,0.004008420743048191,0.020988047122955322,1.3883333206176758
0.00027756026247516274,11.945910149055313,0.007325530052185059,102.2913148660009,4905.18798828125,0.0002774422464426607,1.3913707733154297,1.4111489057540894,1.38736093044281,0.01646244525909424,0.2418124670002726,1.3946864604949951,320,,,,,False,0.0033157099969685078,0.01646244525909424,1.3913707733154297
0.00032173539511859417,11.945910149055313,0.009328961372375488,102.56645955000204,4905.18798828125,0.00032151243067346513,1.400305151939392,1.440896987915039,1.3948196172714233,0.03674846887588501,0.24262357400220935,1.4041485786437988,321,,,,,False,0.003843422280624509,0.03674846887588501,1.400305151939392
0.000802141148597002,11.945910149055313,0.01252603530883789,102.83806279300188,4905.18798828125,0.0007985284319147468,1.3874988555908203,1.4423049688339233,1.3845551013946533,0.04522383213043213,0.2413882979999471,1.3970811367034912,322,,,,,False,0.009582306258380413,0.04522383213043213,1.3874988555908203
0.0014103716239333153,11.945910149055313,0.0222933292388916,103.1173957050014,4905.18798828125,0.0013860377948731184,1.3926032781600952,1.474149227142334,1.3871581554412842,0.0646977424621582,0.24735102400154574,1.4094514846801758,323,,,,,False,0.01684817299246788,0.0646977424621582,1.3926032781600952
0.0002694409340620041,11.945910149055313,0.009340286254882812,103.39097612200203,4905.18798828125,0.0002692404086701572,1.423871397972107,1.4262676239013672,1.4177498817443848,-0.0008225440979003906,0.24359567899955437,1.4270901679992676,324,,,,,False,0.003218717174604535,-0.0008225440979003906,1.423871397972107
0.0005301099736243486,11.945910149055313,0.010316610336303711,103.6712674770024,4905.18798828125,0.0005291899433359504,1.3692471981048584,1.3541278839111328,1.3652632236480713,-0.021452009677886963,0.24297147499964922,1.375579833984375,325,,,,,False,0.006332646124064922,-0.021452009677886963,1.3692471981048584
0.00040739247924648225,11.945910149055313,0.012048006057739258,103.948452826,4905.18798828125,0.00040695941424928606,1.4295481443405151,1.4440209865570068,1.4223668575286865,0.00960606336593628,0.24226539899973432,1.4344148635864258,326,,,,,False,0.004866674076765776,0.00960606336593628,1.4295481443405151
0.00041297212010249496,11.945910149055313,0.009538054466247559,104.22599899399938,4905.18798828125,0.00041261687874794006,1.3775393962860107,1.3553370237350464,1.3729346990585327,-0.027135729789733887,0.2434048190007161,1.3824727535247803,327,,,,,False,0.004933327902108431,-0.027135729789733887,1.3775393962860107
0.0003665924014057964,11.945910149055313,0.007794737815856934,104.50196636300097,4905.18798828125,0.0003664158284664154,1.3929851055145264,1.4091975688934326,1.389569640159607,0.01183319091796875,0.24335860099745332,1.3973643779754639,328,,,,,False,0.004379279911518097,0.01183319091796875,1.3929851055145264
0.00036440580151975155,11.945910149055313,0.008828163146972656,104.77766103000249,4905.18798828125,0.0003641645307652652,1.3864657878875732,1.370431900024414,1.3819907903671265,-0.020387113094329834,0.24317530199914472,1.3908189535140991,329,,,,,False,0.004353159107267857,-0.020387113094329834,1.3864657878875732
0.0004947768757119775,11.945910149055313,0.010110259056091309,105.05112738500247,4905.18798828125,0.000493911444209516,1.375180959701538,1.378194808959961,1.370981216430664,-0.0028966665267944336,0.24224829299782868,1.3810914754867554,330,,,,,False,0.005910560023039579,-0.0028966665267944336,1.375180959701538
0.00043733741040341556,11.945910149055313,0.00925290584564209,105.3330654929996,4905.18798828125,0.0004361185128800571,1.4221460819244385,1.4597346782684326,1.4181175231933594,0.03236424922943115,0.2437439950008411,1.4273704290390015,331,,,,,False,0.005224393680691719,0.03236424922943115,1.4221460819244385
0.0006281469250097871,11.945910149055313,0.013983726501464844,105.60665831600272,4905.18798828125,0.0006259903311729431,1.430919885635376,1.4615795612335205,1.4244399070739746,0.02315586805343628,0.2411776219996682,1.4384236335754395,332,,,,,False,0.00750378705561161,0.02315586805343628,1.430919885635376
0.000986665254458785,11.945910149055313,0.014740705490112305,105.87908480400074,4905.18798828125,0.0009822522988542914,1.3809928894042969,1.4768078327178955,1.378038763999939,0.08402836322784424,0.23699551900062943,1.3927794694900513,333,,,,,False,0.011786614544689655,0.08402836322784424,1.3809928894042969
0.0005829946603626013,11.945910149055313,0.013032913208007812,106.15260270300132,4905.18798828125,0.0005811850423924625,1.4309101104736328,1.4474830627441406,1.4248416423797607,0.009608447551727295,0.2427326750002976,1.4378745555877686,334,,,,,False,0.006964401807636023,0.009608447551727295,1.4309101104736328
0.0005803617532365024,11.945910149055313,0.012896180152893066,106.43498090600042,4905.18798828125,0.0005791386356577277,1.411156415939331,1.452883005142212,1.4051932096481323,0.0347936749458313,0.24552258599942434,1.4180893898010254,335,,,,,False,0.006932949647307396,0.0347936749458313,1.411156415939331
0.0005095063825137913,11.945910149055313,0.012716412544250488,106.70795502799956,4905.18798828125,0.0005087281460873783,1.3900353908538818,1.450431227684021,1.3834054470062256,0.05430936813354492,0.24190188200009288,1.396121859550476,336,,,,,False,0.006086517591029406,0.05430936813354492,1.3900353908538818
0.0010514904279261827,11.945910149055313,0.017480015754699707,106.98460712499946,4905.18798828125,0.001043791649863124,1.3938558101654053,1.3793363571166992,1.3889367580413818,-0.02708035707473755,0.24285540100026992,1.4064167737960815,337,,,,,False,0.012561010196805,-0.02708035707473755,1.3938558101654053
0.0004719932039733976,11.945910149055313,0.008803963661193848,107.26529059500172,4905.18798828125,0.0004714566166512668,1.3776843547821045,1.395784616470337,1.3745187520980835,0.012461960315704346,0.24366459299926646,1.3833227157592773,338,,,,,False,0.005638388451188803,0.012461960315704346,1.3776843547821045
0.0003013458917848766,11.945910149055313,0.0074083805084228516,107.5427305580015,4905.18798828125,0.0003010804648511112,1.4009015560150146,1.4027979373931885,1.3970930576324463,-0.001703500747680664,0.2428570789998048,1.4045014381408691,339,,,,,False,0.0035998509265482426,-0.001703500747680664,1.4009015560150146
0.000369125948054716,11.945910149055313,0.0068999528884887695,107.81931069300117,4905.18798828125,0.00036821886897087097,1.4007885456085205,1.4249871969223022,1.3982981443405151,0.01978909969329834,0.23968668799716397,1.405198097229004,340,,,,,False,0.0044095455668866634,0.01978909969329834,1.4007885456085205
0.0004645894223358482,11.945910149055313,0.012603282928466797,108.09362728600172,4905.18798828125,0.00046385577297769487,1.41962468624115,1.4373674392700195,1.4125713109970093,0.012192845344543457,0.2413737269998819,1.425174593925476,341,,,,,False,0.005549943540245295,0.012192845344543457,1.41962468624115
0.00034227967262268066,11.945910149055313,0.008632063865661621,108.373123794001,4905.18798828125,0.0003420872089918703,1.3885592222213745,1.3942134380340576,1.3840160369873047,0.001565396785736084,0.2441506200011645,1.3926481008529663,342,,,,,False,0.004088842310011387,0.001565396785736084,1.3885592222213745
0.0008762303041294217,11.945910149055313,0.013825297355651855,108.64525687200148,4905.18798828125,0.0008656817371957004,1.3649686574935913,1.3480702638626099,1.361610770225525,-0.027365803718566895,0.24139694400219014,1.3754360675811768,343,,,,,False,0.010467369109392166,-0.027365803718566895,1.3649686574935913
0.0014916884247213602,11.945910149055313,0.022020697593688965,108.92233646800014,4905.18798828125,0.0014611122896894813,1.363656997680664,1.3548893928527832,1.3594558238983154,-0.026587069034576416,0.24042011100027594,1.3814765214920044,344,,,,,False,0.01781957596540451,-0.026587069034576416,1.363656997680664
0.00034276791848242283,11.945910149055313,0.011362433433532715,109.19562047799991,4905.18798828125,0.0003423839807510376,1.3803532123565674,1.4014273881912231,1.3730854988098145,0.016979455947875977,0.24138446600045427,1.3844479322433472,345,,,,,False,0.004094674717634916,0.016979455947875977,1.3803532123565674
0.0018694002646952868,11.945910149055313,0.025216102600097656,109.47666111999933,4905.18798828125,0.0018240772187709808,1.3675168752670288,1.3885080814361572,1.364632487297058,-0.0013404488563537598,0.24348779700085288,1.3898485898971558,346,,,,,False,0.022331688553094864,-0.0013404488563537598,1.3675168752670288
0.00024610114633105695,11.945910149055313,0.008231520652770996,109.76293437099957,4905.18798828125,0.00024595981813035905,1.3870277404785156,1.3786541223526,1.381736159324646,-0.011313557624816895,0.24516431099982583,1.389967679977417,347,,,,,False,0.0029399022459983826,-0.011313557624816895,1.3870277404785156
0.00048168026842176914,11.945910149055313,0.0102156400680542,110.03536636400167,4905.18798828125,0.00048043704009614885,1.3656775951385498,1.377540111541748,1.3612160682678223,0.006108343601226807,0.24260866999975406,1.3714317083358765,348,,,,,False,0.005754109472036362,0.006108343601226807,1.3656775951385498
0.00030754305771552026,11.945910149055313,0.008906245231628418,110.31589456300208,4905.18798828125,0.00030722469091415405,1.3680713176727295,1.3757939338684082,1.3628389835357666,0.004048645496368408,0.24565251500098384,1.371745228767395,349,,,,,False,0.003673881758004427,0.004048645496368408,1.3680713176727295
0.0023817308247089386,11.945910149055313,0.03165149688720703,110.5954586730004,4905.18798828125,0.002301135566085577,1.3812164068222046,1.4320964813232422,1.3780168294906616,0.02242809534072876,0.24747194000156014,1.4096683263778687,350,,,,,False,0.028451943770051003,0.02242809534072876,1.3812164068222046
0.00036018225364387035,11.945910149055313,0.008019566535949707,110.87613863799925,4905.18798828125,0.00035992017365060747,1.3861796855926514,1.4369676113128662,1.3824628591537476,0.04648524522781372,0.24406676199942012,1.3904824256896973,351,,,,,False,0.00430270517244935,0.04648524522781372,1.3861796855926514
0.0009780683321878314,11.945910149055313,0.01623082160949707,111.156260183001,4905.18798828125,0.0009716227650642395,1.3904035091400146,1.4192818403244019,1.3858566284179688,0.017194390296936035,0.24279318900153157,1.4020874500274658,352,,,,,False,0.011683916673064232,0.017194390296936035,1.3904035091400146
0.00046740585821680725,11.945910149055313,0.012619733810424805,111.42983134300084,4905.18798828125,0.0004660102422349155,1.382372260093689,1.423680305480957,1.3753361701965332,0.03572434186935425,0.24202646400226513,1.387955904006958,353,,,,,False,0.005583588499575853,0.03572434186935425,1.382372260093689
0.000723557488527149,11.945910149055313,0.012104272842407227,111.70940878600231,4905.18798828125,0.0007189959287643433,1.4025547504425049,1.4155113697052002,1.3990939855575562,0.004313051700592041,0.24224046399831423,1.4111982583999634,354,,,,,False,0.008643552660942078,0.004313051700592041,1.4025547504425049
0.0003864942118525505,11.945910149055313,0.00894021987915039,111.98888832000011,4905.18798828125,0.0003860953147523105,1.3507792949676514,1.3613917827606201,1.3464560508728027,0.005995512008666992,0.24382723700182396,1.3553962707519531,355,,,,,False,0.004617025144398212,0.005995512008666992,1.3507792949676514
0.00022996879124548286,11.945910149055313,0.007109165191650391,112.27143054000044,4905.18798828125,0.00022987897682469338,1.3770134449005127,1.3907132148742676,1.37265145778656,0.010952651500701904,0.24227043299833895,1.3797606229782104,356,,,,,False,0.002747186692431569,0.010952651500701904,1.3770134449005127
0.00015137724403757602,11.945910149055313,0.006785392761230469,112.54734355500113,4905.18798828125,0.00015135234571062028,1.3920719623565674,1.403273582458496,1.3870948553085327,0.009393274784088135,0.2427342890005093,1.3938802480697632,357,,,,,False,0.0018083390314131975,0.009393274784088135,1.3920719623565674
0.00023353518918156624,11.945910149055313,0.006270766258239746,112.82292127999972,4905.18798828125,0.00023344159126281738,1.3524631261825562,1.4447429180145264,1.3489820957183838,0.08948999643325806,0.2418477199971676,1.3552528619766235,358,,,,,False,0.0027897905092686415,0.08948999643325806,1.3524631261825562
0.0006242735544219613,11.945910149055313,0.011027693748474121,113.1017718860021,4905.18798828125,0.0006222600932233036,1.347886562347412,1.3696775436401367,1.3443163633346558,0.014333546161651611,0.24237059600272914,1.3553440570831299,359,,,,,False,0.00745751615613699,0.014333546161651611,1.347886562347412
0.00026792200515046716,11.945910149055313,0.007127285003662109,113.3869001919993,4905.18798828125,0.0002678049204405397,1.3530328273773193,1.392730712890625,1.3491060733795166,0.036497294902801514,0.2418209819988988,1.3562333583831787,360,,,,,False,0.0032005722168833017,0.036497294902801514,1.3530328273773193
0.0004798221052624285,11.945910149055313,0.008758544921875,113.66178970200053,4905.18798828125,0.0004776592249982059,1.4133062362670898,1.4374501705169678,1.410279631614685,0.01841205358505249,0.23869066199767985,1.41903817653656,361,,,,,False,0.005731911864131689,0.01841205358505249,1.4133062362670898
0.004253559745848179,11.945910149055313,0.055584073066711426,113.93562573999952,4905.18798828125,0.003915522247552872,1.3741159439086914,1.4267585277557373,1.3693444728851318,0.0018299221992492676,0.24167180699805613,1.4249285459518433,362,,,,,False,0.05081264302134514,0.0018299221992492676,1.3741159439086914
0.0002044534485321492,11.945910149055313,0.007464051246643066,114.21526846900088,4905.18798828125,0.00020436322665773332,1.3887485265731812,1.3709704875946045,1.3837268352508545,-0.020220398902893066,0.24468568100201082,1.3911908864974976,363,,,,,False,0.0024423825088888407,-0.020220398902893066,1.3887485265731812
0.0008132994989864528,11.945910149055313,0.01144719123840332,114.49294235400157,4905.18798828125,0.000807127624284476,1.3549458980560303,1.3641157150268555,1.3532142639160156,-0.0005456805229187012,0.24185611400025664,1.364661455154419,364,,,,,False,0.009715602733194828,-0.0005456805229187012,1.3549458980560303
0.000455704634077847,11.945910149055313,0.00950157642364502,114.76914606900027,4905.18798828125,0.0004547002608887851,1.377868413925171,1.3870675563812256,1.3738106489181519,0.0037553906440734863,0.2419713560011587,1.3833122253417969,365,,,,,False,0.0054438067600131035,0.0037553906440734863,1.377868413925171
0.000915852258913219,11.945910149055313,0.013912081718444824,115.05711589800194,4905.18798828125,0.0009103405172936618,1.3364176750183105,1.3356764316558838,1.3334462642669678,-0.011681973934173584,0.2575233349998598,1.3473583459854126,366,,,,,False,0.010940688662230968,-0.011681973934173584,1.3364176750183105
0.0004133402544539422,11.945910149055313,0.007444620132446289,115.34090898300201,4905.18798828125,0.0004128453729208559,1.3665937185287476,1.3750834465026855,1.3640868663787842,0.003551959991455078,0.24453333099882002,1.3715314865112305,367,,,,,False,0.004937725607305765,0.003551959991455078,1.3665937185287476
0.0004569230950437486,11.945910149055313,0.009670019149780273,115.6315520829994,4905.18798828125,0.0004562040267046541,1.3783080577850342,1.3557350635528564,1.374096393585205,-0.028031349182128906,0.25897898499897565,1.3837664127349854,368,,,,,False,0.005458362400531769,-0.028031349182128906,1.3783080577850342
0.000452913052868098,11.945910149055313,0.010706901550292969,115.90911680900172,4905.18798828125,0.0004519013164099306,1.3744122982025146,1.377122402191162,1.3691158294677734,-0.002700328826904297,0.24213379000138957,1.3798227310180664,369,,,,,False,0.005410458892583847,-0.002700328826904297,1.3744122982025146
0.00041828560642898083,11.945910149055313,0.010706782341003418,116.19026128500263,4905.18798828125,0.000417136907344684,1.362080454826355,1.3725428581237793,1.356370449066162,0.005465567111968994,0.2479063450009562,1.3670772314071655,370,,,,,False,0.004996802192181349,0.005465567111968994,1.362080454826355
0.0003962353803217411,11.945910149055313,0.010086536407470703,116.47019351100244,4905.18798828125,0.0003955786523874849,1.3872288465499878,1.3980271816253662,1.38187575340271,0.0060648322105407715,0.24777242600248428,1.3919622898101807,371,,,,,False,0.0047333925031125546,0.0060648322105407715,1.3872288465499878
0.00028220820240676403,11.945910149055313,0.006421923637390137,116.74232561000099,4905.18798828125,0.0002819858491420746,1.3879730701446533,1.3651878833770752,1.3849223852157593,-0.02615642547607422,0.2416765909983951,1.3913443088531494,372,,,,,False,0.003371233819052577,-0.02615642547607422,1.3879730701446533
0.002894108649343252,11.945910149055313,0.03974151611328125,117.01514182699975,4905.18798828125,0.002817966043949127,1.3749806880950928,1.4322419166564941,1.3698118925094604,0.022688567638397217,0.23780010200061952,1.4095534086227417,373,,,,,False,0.03457276150584221,0.022688567638397217,1.3749806880950928
0.0008418987854383886,11.945910149055313,0.017560720443725586,117.28931178900166,4905.18798828125,0.0008331562275998294,1.3847448825836182,1.4102123975753784,1.3772413730621338,0.015410304069519043,0.24074177099828376,1.3948020935058594,374,,,,,False,0.010057247243821621,0.015410304069519043,1.3847448825836182
0.00045379213406704366,11.945910149055313,0.011046648025512695,117.5654616790016,4905.18798828125,0.0004534547624643892,1.4206476211547852,1.4707646369934082,1.4150218963623047,0.04469609260559082,0.24341362500126706,1.4260685443878174,375,,,,,False,0.005420960020273924,0.04469609260559082,1.4206476211547852
0.00043310533510521054,11.945910149055313,0.00976419448852539,117.84969959700175,4905.18798828125,0.0004326663911342621,1.359389066696167,1.380695104598999,1.354798674583435,0.0161321759223938,0.24324451299980865,1.3645628690719604,376,,,,,False,0.005173837766051292,0.0161321759223938,1.359389066696167
0.0002966049069073051,11.945910149055313,0.00901186466217041,118.12371280700245,4905.18798828125,0.0002963542938232422,1.3729274272918701,1.4263343811035156,1.3674588203430176,0.04986369609832764,0.2441749549980159,1.376470685005188,377,,,,,False,0.0035432155709713697,0.04986369609832764,1.3729274272918701
0.0004910988500341773,11.945910149055313,0.010654091835021973,118.39879043399924,4905.18798828125,0.0004905611276626587,1.3522803783416748,1.3697154521942139,1.3474929332733154,0.01156836748123169,0.2419243260010262,1.3581470251083374,378,,,,,False,0.005866623017936945,0.01156836748123169,1.3522803783416748
0.0011377143673598766,11.945910149055313,0.019008159637451172,118.69881564300158,4905.18798828125,0.00112210214138031,1.3648006916046143,1.3787678480148315,1.3593835830688477,0.00037610530853271484,0.24810595699818805,1.3783917427062988,379,,,,,False,0.013591034337878227,0.00037610530853271484,1.3648006916046143
0.0005825057160109282,11.945910149055313,0.011853218078613281,118.97993848400074,4905.18798828125,0.0005812968011014163,1.3477624654769897,1.3629286289215088,1.3428678512573242,0.008207619190216064,0.24282728799880715,1.3547210693359375,380,,,,,False,0.006958561018109322,0.008207619190216064,1.3477624654769897
0.0010406194487586617,11.945910149055313,0.01639842987060547,119.2619164530006,4905.18798828125,0.0010316049447283149,1.3495982885360718,1.3583744764328003,1.3456310033798218,-0.003654956817626953,0.24376059000132955,1.3620294332504272,381,,,,,False,0.012431146577000618,-0.003654956817626953,1.3495982885360718
0.0006508485530503094,11.945910149055313,0.011741399765014648,119.5447823329996,4905.18798828125,0.0006498309667222202,1.3894438743591309,1.4134480953216553,1.3854774236679077,0.016229331493377686,0.24496976899899892,1.3972188234329224,382,,,,,False,0.007774978410452604,0.016229331493377686,1.3894438743591309
0.0005760727799497545,11.945910149055313,0.014809012413024902,119.83395302700228,4905.18798828125,0.0005740337073802948,1.391302466392517,1.4091370105743408,1.3833751678466797,0.010952770709991455,0.2511082399978477,1.3981841802597046,383,,,,,False,0.0068817138671875,0.010952770709991455,1.391302466392517
0.0003677082422655076,11.945910149055313,0.013388633728027344,120.1231491819999,4905.18798828125,0.0003671087324619293,1.383871078491211,1.3557053804397583,1.3748750686645508,-0.032558321952819824,0.24352264499975718,1.3882637023925781,384,,,,,False,0.004392609931528568,-0.032558321952819824,1.383871078491211
0.0004179109528195113,11.945910149055313,0.009767413139343262,120.40844297700096,4905.18798828125,0.00041682273149490356,1.3751672506332397,1.3417370319366455,1.3703922033309937,-0.03842252492904663,0.2474152739996498,1.380159616470337,385,,,,,False,0.004992326721549034,-0.03842252492904663,1.3751672506332397
0.0006335376529023051,11.945910149055313,0.011376023292541504,120.68281638600092,4905.18798828125,0.000632159411907196,1.367455244064331,1.4520957469940186,1.3636474609375,0.07707232236862183,0.24159490899910452,1.3750234842300415,386,,,,,False,0.007568184286355972,0.07707232236862183,1.367455244064331
0.00035420688800513744,11.945910149055313,0.007844209671020508,120.9655448880003,4905.18798828125,0.000353609531885013,1.3855394124984741,1.4769232273101807,1.3819265365600586,0.08715254068374634,0.2448398199994699,1.389770746231079,387,,,,,False,0.004231323953717947,0.08715254068374634,1.3855394124984741
0.00020588899496942759,11.945910149055313,0.005966782569885254,121.24588865800251,4905.18798828125,0.0002058545796899125,1.3565921783447266,1.4467992782592773,1.353084921836853,0.08774763345718384,0.2471720399989863,1.3590517044067383,388,,,,,False,0.002459531417116523,0.08774763345718384,1.3565921783447266
0.000589973758906126,11.945910149055313,0.011750936508178711,121.53131793300054,4905.18798828125,0.000588374852668494,1.3630847930908203,1.3668978214263916,1.3583816289901733,-0.0032347440719604492,0.24296388099901378,1.370132565498352,389,,,,,False,0.0070477738045156,-0.0032347440719604492,1.3630847930908203
0.0007280275458469987,11.945910149055313,0.011617064476013184,121.81220049700278,4905.18798828125,0.0007233495707623661,1.365926742553711,1.3627700805664062,1.363006591796875,-0.011853635311126709,0.24479046999840648,1.3746236562728882,390,,,,,False,0.008696951903402805,-0.011853635311126709,1.365926742553711
0.00027365481946617365,11.945910149055313,0.008794188499450684,122.10460441000032,4905.18798828125,0.0002734872396104038,1.3504693508148193,1.388171911239624,1.3449442386627197,0.03443348407745361,0.25970339199921,1.3537384271621704,391,,,,,False,0.0032690558582544327,0.03443348407745361,1.3504693508148193
0.0002547298208810389,11.945910149055313,0.0066585540771484375,122.39197751699976,4905.18798828125,0.00025461739278398454,1.3618850708007812,1.409747838973999,1.358269453048706,0.04481983184814453,0.2561266480006452,1.3649280071258545,392,,,,,False,0.003042979631572962,0.04481983184814453,1.3618850708007812
0.0003868608037009835,11.945910149055313,0.008073210716247559,122.68318507500226,4905.18798828125,0.0003850410575978458,1.3844869136810303,1.3974263668060303,1.3810350894927979,0.008318006992340088,0.2511485549985082,1.3891083002090454,393,,,,,False,0.004621404688805342,0.008318006992340088,1.3844869136810303
0.0007222022395581007,11.945910149055313,0.01149892807006836,122.9663458640025,4905.18798828125,0.0007177889347076416,1.3274481296539307,1.273613691329956,1.3245766162872314,-0.062461912631988525,0.24372326899901964,1.3360755443572998,394,,,,,False,0.008627363480627537,-0.062461912631988525,1.3274481296539307
0.00017172987281810492,11.945910149055313,0.006128430366516113,123.24923323300027,4905.18798828125,0.0001716800034046173,1.3490381240844727,1.4458905458450317,1.344961166381836,0.09480094909667969,0.2456647740000335,1.351089596748352,395,,,,,False,0.002051469637081027,0.09480094909667969,1.3490381240844727
0.00014751681010238826,11.945910149055313,0.007168292999267578,123.52878582899939,4905.18798828125,0.0001474904565839097,1.387075424194336,1.359518051147461,1.3816694021224976,-0.029319703578948975,0.24527788399791461,1.3888376951217651,396,,,,,False,0.001762222615070641,-0.029319703578948975,1.387075424194336
0.00015236251056194305,11.945910149055313,0.007133841514587402,123.80921999900238,4905.18798828125,0.0001523345708847046,1.3545259237289429,1.4320909976959229,1.3492121696472168,0.07574498653411865,0.24309293899932527,1.3563460111618042,397,,,,,False,0.0018201088532805443,0.07574498653411865,1.3545259237289429
0.0003141117049381137,11.945910149055313,0.008847713470458984,124.09504540700073,4905.18798828125,0.0003138942120131105,1.346439242362976,1.2898304462432861,1.341343879699707,-0.06036120653152466,0.24894217499968363,1.350191593170166,398,,,,,False,0.003752350341528654,-0.06036120653152466,1.346439242362976
0.00020281433535274118,11.945910149055313,0.006978392601013184,124.37472953100223,4905.18798828125,0.00020275513816159219,1.3506958484649658,1.3316643238067627,1.3461402654647827,-0.02145439386367798,0.24211246199774905,1.353118658065796,399,,,,,False,0.0024228019174188375,-0.02145439386367798,1.3506958484649658
0.0003450635995250195,11.945910149055313,0.006884336471557617,131.47455288200217,4905.18798828125,0.0003445819020271301,1.3402488231658936,1.351646900177002,1.3374866247177124,0.007275998592376709,0.24718112100163125,1.34437096118927,400,486,1.3659484386444092,0.49069396200138726,2.0814413160005643,False,0.004122098907828331,0.007275998592376709,1.3402488231658936
0.00016639832756482065,11.945910149055313,0.005734086036682129,131.74830943599954,4905.18798828125,0.00016637022781651467,1.3425102233886719,1.390516757965088,1.338763952255249,0.046018779277801514,0.24236306600141688,1.3444980382919312,401,,,,,False,0.001987779513001442,0.046018779277801514,1.3425102233886719
0.0003560451732482761,11.945910149055313,0.010651111602783203,132.02951716200187,4905.18798828125,0.00035579627729021013,1.3847651481628418,1.387641429901123,1.378367304801941,-0.0013770461082458496,0.24653564100299263,1.3890184164047241,402,,,,,False,0.004253283608704805,-0.0013770461082458496,1.3847651481628418
0.000681860139593482,11.945910149055313,0.012290120124816895,132.3048907379998,4905.18798828125,0.0006789577892050147,1.357269287109375,1.3736810684204102,1.3531246185302734,0.008266270160675049,0.24502249200304504,1.3654147386550903,403,,,,,False,0.008145440369844437,0.008266270160675049,1.357269287109375
0.0005257524317130446,11.945910149055313,0.011671185493469238,132.5771531470018,4905.18798828125,0.0005250014364719391,1.353837251663208,1.3387870788574219,1.3484466075897217,-0.02133077383041382,0.24019282999870484,1.360117793083191,404,,,,,False,0.006280591245740652,-0.02133077383041382,1.353837251663208
0.00039147172356024384,11.945910149055313,0.008931756019592285,132.85622398399937,4905.18798828125,0.00039104250026866794,1.3828694820404053,1.443554162979126,1.3786141872406006,0.05600827932357788,0.24169979900034377,1.3875459432601929,405,,,,,False,0.004676486365497112,0.05600827932357788,1.3828694820404053
0.0004097415949217975,11.945910149055313,0.010320425033569336,133.13689754000006,4905.18798828125,0.00040904557681642473,1.3471906185150146,1.3594845533370972,1.3417649269104004,0.007399201393127441,0.24597501600146643,1.3520853519439697,406,,,,,False,0.004894736222922802,0.007399201393127441,1.3471906185150146
0.0001913400337798521,11.945910149055313,0.00870513916015625,133.41349810300017,4905.18798828125,0.0001912986335810274,1.3699264526367188,1.3564196825027466,1.3635070323944092,-0.015792489051818848,0.2452198409991979,1.3722121715545654,407,,,,,False,0.0022857310250401497,-0.015792489051818848,1.3699264526367188
0.00036767596611753106,11.945910149055313,0.006418585777282715,133.6980832469999,4905.18798828125,0.0003670032019726932,1.341012716293335,1.3324995040893555,1.3389863967895508,-0.012905418872833252,0.24575247999746352,1.3454049825668335,408,,,,,False,0.0043922243639826775,-0.012905418872833252,1.341012716293335
0.0002498048706911504,11.945910149055313,0.008411169052124023,133.97502606499984,4905.18798828125,0.00024969381047412753,1.3592581748962402,1.3477294445037842,1.353831171989441,-0.014512836933135986,0.24431279499913217,1.362242341041565,409,,,,,False,0.00298414658755064,-0.014512836933135986,1.3592581748962402
0.00019539808272384107,11.945910149055313,0.005767703056335449,134.2590820780024,4905.18798828125,0.0001953554747160524,1.3452966213226318,1.3111001253128052,1.3418631553649902,-0.03653073310852051,0.24501344500095001,1.3476308584213257,410,,,,,False,0.002334207994863391,-0.03653073310852051,1.3452966213226318
0.0009287162683904171,11.945910149055313,0.014612436294555664,134.5354692300025,4905.18798828125,0.000914769887458533,1.3313791751861572,1.403665542602539,1.3278610706329346,0.06119203567504883,0.24412265999853844,1.3424735069274902,411,,,,,False,0.011094361543655396,0.06119203567504883,1.3313791751861572
0.00028844006010331213,11.945910149055313,0.007503509521484375,134.81286772100066,4905.18798828125,0.00028831762028858066,1.3622634410858154,1.5083988904953003,1.3582055568695068,0.14268982410430908,0.24473493200275698,1.3657090663909912,412,,,,,False,0.0034456790890544653,0.14268982410430908,1.3622634410858154
0.00022883617202751338,11.945910149055313,0.006310105323791504,135.09642986900144,4905.18798828125,0.000228748976951465,1.3419318199157715,1.38590407371521,1.3383554220199585,0.041238605976104736,0.24483536899788305,1.34466552734375,413,,,,,False,0.0027336564380675554,0.041238605976104736,1.3419318199157715
0.0002398219658061862,11.945910149055313,0.0059566497802734375,135.3781227870022,4905.18798828125,0.00023966407752595842,1.3245680332183838,1.3249807357788086,1.3214762210845947,-0.0024521350860595703,0.24479707600039546,1.3274328708648682,414,,,,,False,0.0028648916631937027,-0.0024521350860595703,1.3245680332183838
0.000195421846001409,11.945910149055313,0.004766106605529785,135.65682677600125,4905.18798828125,0.0001953008322743699,1.309709906578064,1.3080434799194336,1.3072782754898071,-0.004000961780548096,0.24555281499851844,1.312044382095337,415,,,,,False,0.002334491815418005,-0.004000961780548096,1.309709906578064
0.00044746403000317514,11.945910149055313,0.0070149898529052734,135.93873454000277,4905.18798828125,0.00044665485620498657,1.3430700302124023,1.3501167297363281,1.341400384902954,0.0017014145851135254,0.24643510700116167,1.3484153747558594,416,,,,,False,0.005345365032553673,0.0017014145851135254,1.3430700302124023
0.0003493216063361615,11.945910149055313,0.010891556739807129,136.21519937999983,4905.18798828125,0.00034878900623880327,1.3790172338485718,1.4054369926452637,1.3722985982894897,0.02224677801132202,0.24444904299889458,1.3831901550292969,417,,,,,False,0.004172964487224817,0.02224677801132202,1.3790172338485718
0.0027014045044779778,11.945910149055313,0.03511178493499756,136.49579650500164,4905.18798828125,0.0025564185343682766,1.339891791343689,1.3960763216018677,1.3370507955551147,0.02391374111175537,0.2440284869990137,1.3721625804901123,418,,,,,False,0.03227073699235916,0.02391374111175537,1.339891791343689
0.00020182866137474775,11.945910149055313,0.005257129669189453,136.77910243800216,4905.18798828125,0.00020175924873910844,1.3866485357284546,1.3940540552139282,1.3838024139404297,0.004994511604309082,0.2460934080008883,1.3890595436096191,419,,,,,False,0.002411027206107974,0.004994511604309082,1.3866485357284546
0.0003314235946163535,11.945910149055313,0.007093191146850586,137.05829047600128,4905.18798828125,0.00033123543835245073,1.371032476425171,1.379727840423584,1.3678984642028809,0.0047362446784973145,0.2433807759989577,1.3749916553497314,420,,,,,False,0.003959156572818756,0.0047362446784973145,1.371032476425171
0.00033287244150415063,11.945910149055313,0.007980942726135254,137.33814464500028,4905.18798828125,0.00033240020275115967,1.3573014736175537,1.3377903699874878,1.3532969951629639,-0.023487567901611328,0.242732023998542,1.3612779378890991,421,,,,,False,0.00397646427154541,-0.023487567901611328,1.3573014736175537
0.0004651284252759069,11.945910149055313,0.009425640106201172,137.61383830900013,4905.18798828125,0.0004641599953174591,1.3391995429992676,1.3303558826446533,1.3353302478790283,-0.014400064945220947,0.2441696719979518,1.3447558879852295,422,,,,,False,0.005556382704526186,-0.014400064945220947,1.3391995429992676
0.0005177966668270528,11.945910149055313,0.009326934814453125,137.89107525700092,4905.18798828125,0.0005165711045265198,1.3514528274536133,1.359275221824646,1.348311424255371,0.0016368627548217773,0.2411026599984325,1.3576383590698242,423,,,,,False,0.006185552570968866,0.0016368627548217773,1.3514528274536133
0.00025468470994383097,11.945910149055313,0.007372379302978516,138.17145680300018,4905.18798828125,0.0002545975148677826,1.357024908065796,1.3609710931777954,1.3526949882507324,0.0009037256240844727,0.24396049300048617,1.360067367553711,424,,,,,False,0.003042440628632903,0.0009037256240844727,1.357024908065796
0.00022366500343196094,11.945910149055313,0.007779598236083984,138.4580886040021,4905.18798828125,0.00022356088447850198,1.3546197414398193,1.3625671863555908,1.349511981010437,0.005275607109069824,0.24810157499814522,1.357291579246521,425,,,,,False,0.0026718820445239544,0.005275607109069824,1.3546197414398193
0.0003457019047345966,11.945910149055313,0.006500124931335449,138.734739042,4905.18798828125,0.0003454921243246645,1.3388994932174683,1.332390546798706,1.3365291357040405,-0.010638773441314697,0.24563075699916226,1.343029260635376,426,,,,,False,0.004129724111407995,-0.010638773441314697,1.3388994932174683
0.0003556407173164189,11.945910149055313,0.006544709205627441,139.02044528899933,4905.18798828125,0.0003551145491655916,1.339247465133667,1.351797103881836,1.3369512557983398,0.008301138877868652,0.24798579599882942,1.3434959650039673,427,,,,,False,0.004248452372848988,0.008301138877868652,1.339247465133667
0.00027322961250320077,11.945910149055313,0.0059632062911987305,139.3025658309998,4905.18798828125,0.0002729743719100952,1.3230270147323608,1.3405719995498657,1.3203277587890625,0.014281034469604492,0.2445417279996036,1.3262909650802612,428,,,,,False,0.00326397642493248,0.014281034469604492,1.3230270147323608
0.00044725133921019733,11.945910149055313,0.011296749114990234,139.61251427200114,4905.18798828125,0.0004466623067855835,1.3766874074935913,1.4188426733016968,1.3707334995269775,0.036812424659729004,0.27642566899885423,1.3820302486419678,429,,,,,False,0.005342824384570122,0.036812424659729004,1.3766874074935913
0.0002489372272975743,11.945910149055313,0.006510376930236816,139.8946954230014,4905.18798828125,0.0002488208410795778,1.345253348350525,1.3432574272155762,1.3417167663574219,-0.0049697160720825195,0.24529328400240047,1.3482271432876587,430,,,,,False,0.0029737818986177444,-0.0049697160720825195,1.345253348350525
0.0003095902211498469,11.945910149055313,0.008746027946472168,140.17429985900162,4905.18798828125,0.0003093915875069797,1.3564294576644897,1.3595707416534424,1.351381778717041,-0.0005570054054260254,0.2439343510013714,1.3601278066635132,431,,,,,False,0.003698337124660611,-0.0005570054054260254,1.3564294576644897
0.00023135478841140866,11.945910149055313,0.006421685218811035,140.45088772000236,4905.18798828125,0.0002312821743544191,1.3541635274887085,1.334182620048523,1.3505055904388428,-0.02274465560913086,0.24484836400006316,1.3569272756576538,432,,,,,False,0.0027637435123324394,-0.02274465560913086,1.3541635274887085
0.0002910057664848864,11.945910149055313,0.005659341812133789,140.72823473600147,4905.18798828125,0.0002908123133238405,1.3402099609375,1.3606183528900146,1.338027000427246,0.01693195104598999,0.2458930100001453,1.3436863422393799,433,,,,,False,0.0034763289149850607,0.01693195104598999,1.3402099609375
0.00045000109821558,11.945910149055313,0.007702946662902832,141.00575316100003,4905.18798828125,0.0004484131932258606,1.327780842781067,1.3269323110580444,1.325453519821167,-0.006224155426025391,0.24224531399886473,1.3331564664840698,434,,,,,False,0.005375672597438097,-0.006224155426025391,1.327780842781067
0.0002285071532242,11.945910149055313,0.007052063941955566,141.2915921370004,4905.18798828125,0.00022832801914773881,1.3287339210510254,1.3257472515106201,1.3244116306304932,-0.005716443061828613,0.24490201899970998,1.3314636945724487,435,,,,,False,0.0027297260239720345,-0.005716443061828613,1.3287339210510254
0.00037042348412796855,11.945910149055313,0.0076978206634521484,141.5682923029999,4905.18798828125,0.00036948671913705766,1.3396937847137451,1.341921329498291,1.336421012878418,-0.002197444438934326,0.2435633200002485,1.3441188335418701,436,,,,,False,0.004425045568495989,-0.002197444438934326,1.3396937847137451
0.0002535190142225474,11.945910149055313,0.005722641944885254,141.8505845510008,4905.18798828125,0.00025334832025691867,1.3567842245101929,1.3561936616897583,1.3540900945663452,-0.003619074821472168,0.24815512700297404,1.3598127365112305,437,,,,,False,0.0030285154934972525,-0.003619074821472168,1.3567842245101929
0.00056683667935431,11.945910149055313,0.012668848037719727,142.13286420400254,4905.18798828125,0.0005641654133796692,1.3475377559661865,1.3990027904510498,1.3416402339935303,0.04469364881515503,0.24367678399721626,1.35430908203125,438,,,,,False,0.006771380081772804,0.04469364881515503,1.3475377559661865
0.0011416207998991013,11.945910149055313,0.018083691596984863,142.40910939400055,4905.18798828125,0.0011281322222203016,1.361771583557129,1.4299616813659668,1.357325553894043,0.05455249547958374,0.2452729979995638,1.3754092454910278,439,,,,,False,0.013637700118124485,0.05455249547958374,1.361771583557129
0.00030733805033378303,11.945910149055313,0.008680105209350586,142.69732250000015,4905.18798828125,0.000307099282508716,1.318268060684204,1.3240265846252441,1.3132593631744385,0.0020870566368103027,0.25150504499833914,1.321939468383789,440,,,,,False,0.0036714328452944756,0.0020870566368103027,1.318268060684204
0.0002197254216298461,11.945910149055313,0.006140232086181641,142.98585631400056,4905.18798828125,0.00021966546773910522,1.3277130126953125,1.3364274501800537,1.3241976499557495,0.006089568138122559,0.24622323499716003,1.3303378820419312,441,,,,,False,0.0026248202193528414,0.006089568138122559,1.3277130126953125
0.0003675906336866319,11.945910149055313,0.0068885087966918945,143.2661029330011,4905.18798828125,0.00036732107400894165,1.3106111288070679,1.3117998838424683,1.3081138134002686,-0.0032024383544921875,0.24830307099909987,1.3150023221969604,442,,,,,False,0.0043912045657634735,-0.0032024383544921875,1.3106111288070679
0.000307369336951524,11.945910149055313,0.006869316101074219,143.5447048999995,4905.18798828125,0.00030703097581863403,1.3242781162261963,1.307481050491333,1.3210805654525757,-0.02046877145767212,0.2449081129998376,1.32794988155365,443,,,,,False,0.00367180653847754,-0.02046877145767212,1.3242781162261963
0.00032334335264749825,11.945910149055313,0.0070226192474365234,143.82222452300266,4905.18798828125,0.0003231937880627811,1.2942609786987305,1.2874860763549805,1.2911009788513184,-0.01063758134841919,0.2462658989970805,1.2981235980987549,444,,,,,False,0.003862630808725953,-0.01063758134841919,1.2942609786987305
0.0005248349625617266,11.945910149055313,0.01045525074005127,144.1030705180019,4905.18798828125,0.0005242725601419806,1.3212568759918213,1.3465769290924072,1.3170711994171143,0.019050538539886475,0.24657710600149585,1.3275264501571655,445,,,,,False,0.006269631441682577,0.019050538539886475,1.3212568759918213
0.0002654042327776551,11.945910149055313,0.007638692855834961,144.37860302099944,4905.18798828125,0.000265150039922446,1.3323347568511963,1.3304263353347778,1.327866554260254,-0.005078911781311035,0.24606423899967922,1.3355052471160889,446,,,,,False,0.003170495154336095,-0.005078911781311035,1.3323347568511963
0.00028326595202088356,11.945910149055313,0.008404374122619629,144.66352443399956,4905.18798828125,0.00028311461210250854,1.3494813442230225,1.3538591861724854,1.3444608449935913,0.000993967056274414,0.24754444200152648,1.352865219116211,447,,,,,False,0.003383869770914316,0.000993967056274414,1.3494813442230225
0.0001801332546165213,11.945910149055313,0.005936861038208008,144.93917411300208,4905.18798828125,0.0001800917088985443,1.3445018529891968,1.3602192401885986,1.34071683883667,0.013565480709075928,0.2436923140012368,1.346653699874878,448,,,,,False,0.002151855733245611,0.013565480709075928,1.3445018529891968
0.0011307925451546907,11.945910149055313,0.01638031005859375,145.21297589400274,4905.18798828125,0.0011188089847564697,1.2989610433578491,1.2778091430664062,1.2960890531539917,-0.034660160541534424,0.24141613300162135,1.3124693632125854,449,,,,,False,0.013508346863090992,-0.034660160541534424,1.2989610433578491
0.00032788116368465126,11.945910149055313,0.008336663246154785,145.49453109200113,4905.18798828125,0.00032744434429332614,1.3280119895935059,1.355968713760376,1.323592185974121,0.024039924144744873,0.24683441799788852,1.3319288492202759,450,,,,,False,0.003916839137673378,0.024039924144744873,1.3280119895935059
0.0006280691595748067,11.945910149055313,0.010367870330810547,145.7735048800023,4905.18798828125,0.000626328110229224,1.3086895942687988,1.32460355758667,1.305824637413025,0.008411049842834473,0.24710169899844914,1.3161925077438354,451,,,,,False,0.0075028580613434315,0.008411049842834473,1.3086895942687988
0.00024387860321439803,11.945910149055313,0.007216930389404297,146.04828869700214,4905.18798828125,0.0002437730727251619,1.33975350856781,1.355717420578003,1.3354499340057373,0.013050496578216553,0.24493510400134255,1.3426668643951416,452,,,,,False,0.002913351869210601,0.013050496578216553,1.33975350856781
0.00029665438341908157,11.945910149055313,0.008297085762023926,146.33055493800202,4905.18798828125,0.00029650330543518066,1.321619987487793,1.3260130882263184,1.3168667554855347,0.0008492469787597656,0.24446143400200526,1.3251638412475586,453,,,,,False,0.003543806727975607,0.0008492469787597656,1.321619987487793
0.00044386490480974317,11.945910149055313,0.009152531623840332,146.61868795900227,4905.18798828125,0.0004434511065483093,1.3193258047103882,1.34991455078125,1.3154757022857666,0.025286316871643066,0.2463872350017482,1.324628233909607,454,,,,,False,0.005302370525896549,0.025286316871643066,1.3193258047103882
0.0014952404890209436,11.945910149055313,0.02248382568359375,146.90278931300054,4905.18798828125,0.001456456957384944,1.384747862815857,1.4123725891113281,1.3801259994506836,0.009762704372406006,0.24409345199819654,1.4026098251342773,455,,,,,False,0.01786200888454914,0.009762704372406006,1.384747862815857
0.0004998719086870551,11.945910149055313,0.009233355522155762,147.18489455999952,4905.18798828125,0.0004990597954019904,1.326310634613037,1.3355377912521362,1.323048710823059,0.0032557249069213867,0.2427440990031755,1.3322820663452148,456,,,,,False,0.005971425212919712,0.0032557249069213867,1.326310634613037
0.00036410894244909286,11.945910149055313,0.007292509078979492,147.45909020900217,4905.18798828125,0.0003638267517089844,1.2992078065872192,1.309104561805725,1.296264886856079,0.005547165870666504,0.2418367770005716,1.3035573959350586,457,,,,,False,0.004349612630903721,0.005547165870666504,1.2992078065872192
0.00037118312320671976,11.945910149055313,0.009147047996520996,147.73814019600104,4905.18798828125,0.00037070861435495317,1.3577293157577515,1.3587250709533691,1.3530163764953613,-0.003438413143157959,0.2449897670012433,1.3621634244918823,458,,,,,False,0.004434120375663042,-0.003438413143157959,1.3577293157577515
0.00031727025634609163,11.945910149055313,0.005854249000549316,148.02057762500044,4905.18798828125,0.0003168843686580658,1.2888693809509277,1.2797982692718506,1.286805272102356,-0.012861311435699463,0.24752807400000165,1.2926595211029053,459,,,,,False,0.0037900821771472692,-0.012861311435699463,1.2888693809509277
0.0029785162769258022,11.945910149055313,0.0388340950012207,148.29488643900186,4905.18798828125,0.0028118714690208435,1.3253282308578491,1.3548829555511475,1.3220752477645874,-0.00602644681930542,0.2423361199980718,1.360909342765808,460,,,,,False,0.035581089556217194,-0.00602644681930542,1.3253282308578491
0.0004231006314512342,11.945910149055313,0.008670330047607422,148.57246163700256,4905.18798828125,0.0004225696320645511,1.3185404539108276,1.3241252899169922,1.3149244785308838,0.000530540943145752,0.24402590300087468,1.3235948085784912,461,,,,,False,0.005054322071373463,0.000530540943145752,1.3185404539108276
0.0003300005046185106,11.945910149055313,0.009583830833435059,148.8514092309997,4905.18798828125,0.0003297962248325348,1.3367794752120972,1.344017505645752,1.331137776374817,0.0032959580421447754,0.24612302999958047,1.340721607208252,462,,,,,False,0.0039421566762030125,0.0032959580421447754,1.3367794752120972
0.00028461182955652475,11.945910149055313,0.006336212158203125,149.1346296940028,4905.18798828125,0.00028441226459108293,1.3307325839996338,1.3447561264038086,1.3277963399887085,0.010623633861541748,0.246377699997538,1.3341325521469116,463,,,,,False,0.003399947425350547,0.010623633861541748,1.3307325839996338
0.00038852085708640516,11.945910149055313,0.006648063659667969,149.4140025939996,4905.18798828125,0.00038811814738437533,1.2918717861175537,1.3056471347808838,1.2898650169372559,0.009134113788604736,0.24274641800002428,1.2965130805969238,464,,,,,False,0.004641235340386629,0.009134113788604736,1.2918717861175537
0.0003525045176502317,11.945910149055313,0.008236408233642578,149.69584725599998,4905.18798828125,0.00035187354660592973,1.3226804733276367,1.3541433811187744,1.318655014038086,0.027252018451690674,0.24272814399955678,1.3268914222717285,465,,,,,False,0.004210987593978643,0.027252018451690674,1.3226804733276367
0.0002384254476055503,11.945910149055313,0.007758498191833496,149.97006953200253,4905.18798828125,0.00023827578115742654,1.324697494506836,1.2913768291473389,1.3197872638702393,-0.03616887331008911,0.24305684800128802,1.3275457620620728,466,,,,,False,0.0028482091147452593,-0.03616887331008911,1.324697494506836
0.00044190482003614306,11.945910149055313,0.008332014083862305,150.25570965000225,4905.18798828125,0.00044102719402872026,1.317752718925476,1.3749451637268066,1.314699649810791,0.05191349983215332,0.2444344550021924,1.3230316638946533,467,,,,,False,0.005278955213725567,0.05191349983215332,1.317752718925476
0.0006069460650905967,11.945910149055313,0.012291550636291504,150.53005048600244,4905.18798828125,0.0006044618785381317,1.302505373954773,1.292486548423767,1.297464370727539,-0.017269372940063477,0.24382908400002634,1.3097559213638306,468,,,,,False,0.007250523194670677,-0.017269372940063477,1.302505373954773
0.000592314638197422,11.945910149055313,0.010335564613342285,150.8057581510002,4905.18798828125,0.0005900810356251895,1.3015413284301758,1.2982611656188965,1.2982815504074097,-0.010355949401855469,0.24375557500025025,1.308617115020752,469,,,,,False,0.0070757376961410046,-0.010355949401855469,1.3015413284301758
0.0024195476435124874,11.945910149055313,0.03203535079956055,151.08228379200227,4905.18798828125,0.00233908137306571,1.3046796321868896,1.3393876552581787,1.3015480041503906,0.0058043599128723145,0.24248601100043743,1.3335833549499512,470,,,,,False,0.028903700411319733,0.0058043599128723145,1.3046796321868896
0.0004948577843606472,11.945910149055313,0.009539484977722168,151.36589282400018,4905.18798828125,0.000494103878736496,1.3383502960205078,1.3571261167526245,1.3347222805023193,0.012864351272583008,0.24759572600305546,1.3442617654800415,471,,,,,False,0.00591152673587203,0.012864351272583008,1.3383502960205078
0.0002466634032316506,11.945910149055313,0.008154153823852539,151.64252274799946,4905.18798828125,0.00024647018290124834,1.3491568565368652,1.3681998252868652,1.343949317932129,0.01609635353088379,0.24599169900102424,1.3521034717559814,472,,,,,False,0.0029466189444065094,0.01609635353088379,1.3491568565368652
0.00048814789624884725,11.945910149055313,0.008562922477722168,151.9227215280007,4905.18798828125,0.0004866508243139833,1.3346985578536987,1.3414851427078247,1.3319669961929321,0.0009552240371704102,0.24501817700001993,1.3405299186706543,473,,,,,False,0.005831371061503887,0.0009552240371704102,1.3346985578536987
0.000276257807854563,11.945910149055313,0.006099104881286621,152.19931786000234,4905.18798828125,0.00027608624077402055,1.3182185888290405,1.3622064590454102,1.3154196739196777,0.0406876802444458,0.24295706100019743,1.3215187788009644,474,,,,,False,0.003300151089206338,0.0406876802444458,1.3182185888290405
0.00033036607783287764,11.945910149055313,0.0091094970703125,152.48632202000226,4905.18798828125,0.00033014765358529985,1.3237583637237549,1.3325583934783936,1.3185954093933105,0.004853487014770508,0.24994086399965454,1.327704906463623,475,,,,,False,0.0039465236477553844,0.004853487014770508,1.3237583637237549
0.00027048998163081706,11.945910149055313,0.005971312522888184,152.76483792600266,4905.18798828125,0.00027017545653507113,1.307839274406433,1.3168483972549438,1.3050992488861084,0.005777835845947266,0.243771380999533,1.3110705614089966,476,,,,,False,0.003231249051168561,0.005777835845947266,1.307839274406433
0.0002022401604335755,11.945910149055313,0.006285429000854492,153.04729559500265,4905.18798828125,0.00020216405391693115,1.3297394514083862,1.3054791688919067,1.3258699178695679,-0.026676177978515625,0.24235477700131014,1.3321553468704224,477,,,,,False,0.002415942959487438,-0.026676177978515625,1.3297394514083862
0.00028554751770570874,11.945910149055313,0.007410645484924316,153.3255351150001,4905.18798828125,0.0002851610479410738,1.3206835985183716,1.3295314311981201,1.3166841268539429,0.005436718463897705,0.24575746200207504,1.3240947723388672,478,,,,,False,0.003411125158891082,0.005436718463897705,1.3206835985183716
0.00026231282390654087,11.945910149055313,0.008654117584228516,153.6001460610023,4905.18798828125,0.0002621424791868776,1.3174209594726562,1.3093693256378174,1.3119003772735596,-0.011185169219970703,0.24423527199905948,1.320554494857788,479,,,,,False,0.0031335654202848673,-0.011185169219970703,1.3174209594726562
0.00018757923680823296,11.945910149055313,0.006406426429748535,153.87742912500107,4905.18798828125,0.00018752863979898393,1.3197691440582275,1.340813159942627,1.315603494644165,0.01880323886871338,0.24559070200120914,1.3220099210739136,480,,,,,False,0.00224080472253263,0.01880323886871338,1.3197691440582275
0.0003450753283686936,11.945910149055313,0.010384440422058105,154.15740504000132,4905.18798828125,0.00034449994564056396,1.3327298164367676,1.3398998975753784,1.3264676332473755,0.0030478239059448242,0.24258215500231017,1.3368520736694336,481,,,,,False,0.004122239071875811,0.0030478239059448242,1.3327298164367676
0.0002457468071952462,11.945910149055313,0.006143808364868164,154.43593855800282,4905.18798828125,0.0002456257934682071,1.326711654663086,1.3387274742126465,1.3235034942626953,0.009080231189727783,0.24147717199957697,1.3296473026275635,482,,,,,False,0.0029356693848967552,0.009080231189727783,1.326711654663086
0.00012380568659864366,11.945910149055313,0.004957079887390137,154.7084573400025,4905.18798828125,0.00012379264808259904,1.3000532388687134,1.3008394241333008,1.2965751886367798,-0.0006927847862243652,0.24244066399842268,1.30153226852417,483,,,,,False,0.0014789716806262732,-0.0006927847862243652,1.3000532388687134
0.00042567477794364095,11.945910149055313,0.008088946342468262,154.99552041900097,4905.18798828125,0.0004247426986694336,1.3281939029693604,1.3277456760406494,1.3251900672912598,-0.005533397197723389,0.2449968360015191,1.333279013633728,484,,,,,False,0.005085072945803404,-0.005533397197723389,1.3281939029693604
0.00027601709007285535,11.945910149055313,0.008027076721191406,155.26910947500073,4905.18798828125,0.000275860249530524,1.326507806777954,1.3294939994812012,1.3217780590057373,-0.00031119585037231445,0.23824546299874783,1.3298051357269287,485,,,,,False,0.003297275397926569,-0.00031119585037231445,1.326507806777954
0.00021923019085079432,11.945910149055313,0.005366325378417969,155.5432901000022,4905.18798828125,0.0002191762177972123,1.3382785320281982,1.3241748809814453,1.3355311155319214,-0.016722500324249268,0.24342697199972463,1.3408974409103394,486,,,,,False,0.00261890422552824,-0.016722500324249268,1.3382785320281982
0.00019707220781128854,11.945910149055313,0.007771730422973633,155.82184835800217,4905.18798828125,0.00019701695418916643,1.3531007766723633,1.3875751495361328,1.347683310508728,0.03212010860443115,0.2424752469996747,1.3554550409317017,487,,,,,False,0.00235420698300004,0.03212010860443115,1.3531007766723633
0.00020337881869636476,11.945910149055313,0.005879640579223633,156.1014859090028,4905.18798828125,0.00020332387066446245,1.3252333402633667,1.3347067832946777,1.3217833042144775,0.007043778896331787,0.24290508900230634,1.3276629447937012,488,,,,,False,0.002429545158520341,0.007043778896331787,1.3252333402633667
0.0003877056878991425,11.945910149055313,0.009769558906555176,156.37786890999996,4905.18798828125,0.00038731968379579484,1.318593978881836,1.3280861377716064,1.3134559392929077,0.00486069917678833,0.2437825699998939,1.323225498199463,489,,,,,False,0.00463149743154645,0.00486069917678833,1.318593978881836
0.0002454300120007247,11.945910149055313,0.006917357444763184,156.6621559740015,4905.18798828125,0.0002453376946505159,1.3155642747879028,1.3572558164596558,1.3115787506103516,0.038759708404541016,0.24200502300300286,1.3184961080551147,490,,,,,False,0.0029318849556148052,0.038759708404541016,1.3155642747879028
0.00024230487179011106,11.945910149055313,0.007851004600524902,156.93689438500223,4905.18798828125,0.00024220100021921098,1.3082194328308105,1.3237814903259277,1.3032629489898682,0.012667596340179443,0.24285555300230044,1.311113953590393,491,,,,,False,0.002894552191719413,0.012667596340179443,1.3082194328308105
0.0005181906162761152,11.945910149055313,0.008126139640808105,157.21207443800085,4905.18798828125,0.0005175223341211677,1.2822000980377197,1.313872218132019,1.2802642583847046,0.025481820106506348,0.24169387700021616,1.2883903980255127,492,,,,,False,0.006190258543938398,0.025481820106506348,1.2822000980377197
0.0002932959469035268,11.945910149055313,0.006809115409851074,157.4928904360022,4905.18798828125,0.00029313936829566956,1.3048896789550781,1.3124366998672485,1.301584243774414,0.0040433406829833984,0.243542846001219,1.3083933591842651,493,,,,,False,0.0035036872141063213,0.0040433406829833984,1.3048896789550781
0.00028758810367435217,11.945910149055313,0.009189605712890625,157.77320750199942,4905.18798828125,0.0002873837947845459,1.337694525718689,1.3423168659210205,1.3319404125213623,0.0011869072914123535,0.24371125000106986,1.341130018234253,494,,,,,False,0.003435501828789711,0.0011869072914123535,1.337694525718689
0.00027152858092449605,11.945910149055313,0.006889224052429199,158.04716028999974,4905.18798828125,0.0002713178691919893,1.3340896368026733,1.3362572193145752,1.330444097518921,-0.0010761618614196777,0.24256222600160982,1.33733332157135,495,,,,,False,0.0032436561305075884,-0.0010761618614196777,1.3340896368026733
0.00037392060039564967,11.945910149055313,0.007847070693969727,158.32198138700187,4905.18798828125,0.0003734703059308231,1.3088481426239014,1.3340203762054443,1.3054678440093994,0.02070540189743042,0.24289801600025385,1.3133149147033691,496,,,,,False,0.004466821905225515,0.02070540189743042,1.3088481426239014
0.00025961684877984226,11.945910149055313,0.007722258567810059,158.6025281910006,4905.18798828125,0.0002591460943222046,1.310504674911499,1.3978068828582764,1.305883765220642,0.08420085906982422,0.24455774399757502,1.3136060237884521,497,,,,,False,0.003101359587162733,0.08420085906982422,1.310504674911499
0.0003725295828189701,11.945910149055313,0.009138226509094238,158.88195117000214,4905.18798828125,0.00037132701254449785,1.3271293640136719,1.336095929145813,1.3224413394927979,0.0045163631439208984,0.24097859200264793,1.331579566001892,498,,,,,False,0.004450205247849226,0.0045163631439208984,1.3271293640136719
0.00022743723820894957,11.945910149055313,0.007527470588684082,159.1563687600028,4905.18798828125,0.0002273234276799485,1.2956033945083618,1.3002326488494873,1.2907928228378296,0.0019123554229736328,0.24274682000032044,1.2983202934265137,499,,,,,False,0.0027169447857886553,0.0019123554229736328,1.2956033945083618
